ID,Name,Email,year,major,date,time,on_campus,main_reason_for_taking_isb,trips_per_day,duration_per_day,has_exam,start,end,bus_num,weather,num_people_at_bus_stop,waiting_time,waiting_time_satisfaction,crowdedness,crowdedness_satisfaction,comfort,safety,overall_satisfaction
0,0,0,0,0,0,0,No,To go to class,2,5,No,Kent Ridge MRT / Opp Kent Ridge MRT,LT27 / S17,A1,Sunny,20,6,7,9,7,7,9,8
1,1,1,1,0,0,1,No,To go to class,3,30,No,Kent Ridge MRT / Opp Kent Ridge MRT,LT13 / Ventus,A2,Sunny,10,5,7,8,4,4,8,6
2,2,2,1,0,1,2,No,To go to MRT,4,30,No,LT13 / Ventus,Kent Ridge MRT / Opp Kent Ridge MRT,A1,Sunny,20,10,4,9,3,4,6,5
3,3,3,1,0,2,3,No,To go to MRT,2,25,No,COM3,LT27 / S17,D2,Sunny,15,5,6,6,6,7,8,7
4,4,4,2,0,2,4,No,To go to class,2,5,No,Kent Ridge MRT / Opp Kent Ridge MRT,LT27 / S17,A1,Sunny,13,3,8,8,6,7,10,8
5,5,5,2,1,2,5,Yes,To go to class,4,30,No,UTown,LT27 / S17,D2,Sunny,50,15,4,8,5,3,7,5
6,6,6,1,2,2,6,No,To go to class,1,10,No,Kent Ridge MRT / Opp Kent Ridge MRT,BIZ2 / Opp HSSML,A2,Sunny,7,5,8,10,5,4,7,5
7,7,7,0,0,3,7,No,To go to class,2,7,No,Kent Ridge MRT / Opp Kent Ridge MRT,IT / CLB,A1,Sunny,30,6,4,9,4,3,6,6
8,8,8,3,3,3,8,Yes,To go to class,4,40,No,Kent Ridge MRT / Opp Kent Ridge MRT,LT27 / S17,A2,Sunny,20,5,10,7,7,5,6,5
9,9,9,1,4,3,9,No,To go to MRT,2,30,No,Kent Ridge MRT / Opp Kent Ridge MRT,BIZ2 / Opp HSSML,A2,Sunny,15,5,7,8,4,5,5,6
10,10,10,1,5,4,10,No,To go for meals,1,20,No,Kent Ridge MRT / Opp Kent Ridge MRT,IT / CLB,A1,Sunny,30,30,9,7,6,6,5,4
11,11,11,1,5,5,11,Yes,"To go to in-school accommodation (halls, RCs, houses etc.)",2,20,Yes,UTown,Kent Ridge MRT / Opp Kent Ridge MRT,D2,Rainy,60,10,8,7,8,6,7,7
12,12,12,0,0,6,12,No,To go to class,2,7,No,Kent Ridge MRT / Opp Kent Ridge MRT,UHC / Opp UHC,D2,Rainy,10,5,5,5,6,7,7,7
13,13,13,0,0,6,13,No,To go to class,2,15,No,Kent Ridge MRT / Opp Kent Ridge MRT,LT27 / S17,A1,Rainy,15,7,8,10,4,7,5,9
14,14,14,3,0,6,13,Yes,To go to class,6,20,No,Kent Ridge MRT / Opp Kent Ridge MRT,LT27 / S17,A1,Sunny,30,4,8,9,3,3,4,5
15,15,15,1,3,6,3,No,To go to class,2,20,No,Kent Ridge MRT / Opp Kent Ridge MRT,LT27 / S17,A1,Rainy,30,10,3,7,3,3,5,3
16,16,16,1,6,6,14,No,To go to class,2,40,No,LT27 / S17,IT / CLB,A1,Rainy,40,6,4,8,2,2,6,4
17,17,17,3,0,6,13,No,To go to class,2,10,No,Kent Ridge MRT / Opp Kent Ridge MRT,LT27 / S17,A1,Rainy,20,7,6,8,5,6,6,6
18,18,18,3,4,6,15,Yes,To go to class,2,30,No,UTown,BIZ2 / Opp HSSML,D1,Sunny,30,15,4,9,6,4,9,6
19,19,19,3,7,7,16,No,To go to class,5,20,No,Kent Ridge MRT / Opp Kent Ridge MRT,IT / CLB,A1,Sunny,10,4,8,4,8,7,7,8
20,20,20,1,0,7,17,No,To go to class,2,30,No,Kent Ridge MRT / Opp Kent Ridge MRT,LT27 / S17,A2,Sunny,50,5,10,10,5,10,6,7
21,21,21,2,6,7,17,No,To go to class,2,5,No,LT27 / S17,IT / CLB,A1,Sunny,10,7,5,7,4,4,6,5
22,22,22,1,0,7,13,Yes,To go to class,2,10,No,Kent Ridge MRT / Opp Kent Ridge MRT,LT27 / S17,D2,Sunny,5,1,10,1,10,10,10,10
23,23,23,1,0,7,18,No,To go to class,2,15,No,Kent Ridge MRT / Opp Kent Ridge MRT,LT27 / S17,A2,Rainy,50,20,1,10,1,1,1,1
24,24,24,1,0,7,19,No,To go to class,2,15,No,Kent Ridge MRT / Opp Kent Ridge MRT,LT27 / S17,A1,Sunny,5,3,7,3,7,7,7,7
25,25,25,1,0,7,20,Yes,To go for meals,4,60,No,UHC / Opp UHC,UTown,D2,Sunny,40,15,3,8,3,3,3,3
26,26,26,1,0,7,21,Yes,To go for meals,4,15,No,UHC / Opp UHC,UTown,D2,Sunny,40,20,3,8,3,3,3,3
27,27,27,0,2,7,22,Yes,To go to class,2,60,No,UTown,LT27 / S17,D2,Sunny,30,10,8,4,8,9,9,9
28,28,28,1,3,7,15,No,To go to class,2,10,No,Kent Ridge MRT / Opp Kent Ridge MRT,LT27 / S17,A1,Sunny,6,0,10,5,8,7,8,8
29,29,29,0,8,7,3,Yes,To go to class,2,10,No,UTown,LT27 / S17,D2,Sunny,10,3,8,3,8,8,8,8
30,30,30,0,8,7,3,Yes,To go to class,2,10,No,UTown,LT27 / S17,D2,Rainy,35,20,2,9,2,2,2,2
31,31,31,1,9,7,17,No,To go to class,2,10,No,Kent Ridge MRT / Opp Kent Ridge MRT,IT / CLB,A1,Sunny,20,5,7,7,7,7,9,7
32,32,32,3,2,7,13,No,To go to class,2,15,No,Kent Ridge MRT / Opp Kent Ridge MRT,COM3,D2,Sunny,20,10,10,5,5,5,7,7
33,33,33,1,0,7,17,No,To go to class,2,30,No,Kent Ridge MRT / Opp Kent Ridge MRT,UTown,D2,Sunny,50,6,8,5,5,6,5,5
34,34,34,1,0,7,19,No,To go to class,3,30,No,Kent Ridge MRT / Opp Kent Ridge MRT,UTown,D2,Sunny,10,8,5,3,8,5,9,6
35,35,35,3,0,7,12,No,To go to CCA sessions,4,18,No,UTown,UHC / Opp UHC,D2,Sunny,15,5,7,5,7,6,6,6
36,36,36,0,10,7,5,Yes,To go to class,4,30,No,LT27 / S17,IT / CLB,A1,Sunny,50,8,7,8,5,4,7,6
37,37,37,2,11,7,11,No,To go to class,2,5,No,Kent Ridge MRT / Opp Kent Ridge MRT,LT27 / S17,A1,Rainy,20,5,5,8,5,5,9,7
38,38,38,0,12,8,23,No,To go to class,2,30,No,Kent Ridge MRT / Opp Kent Ridge MRT,UHC / Opp UHC,A1,Sunny,20,10,6,8,4,6,8,7
39,39,39,3,2,9,24,Yes,To go to class,2,30,No,UTown,LT27 / S17,D2,Sunny,10,10,6,7,5,8,6,5
40,40,40,0,0,10,25,No,To go to class,4,30,No,Kent Ridge MRT / Opp Kent Ridge MRT,LT27 / S17,A1,Rainy,30,6,5,8,4,5,7,7
41,41,41,1,0,10,1,No,To go to class,3,35,Yes,Kent Ridge MRT / Opp Kent Ridge MRT,UTown,D2,Sunny,30,3,8,8,3,4,7,6
42,42,42,1,0,10,9,No,To go to class,4,30,Yes,UTown,UHC / Opp UHC,D2,Sunny,30,2,9,5,8,8,9,9
43,43,43,0,0,10,26,No,To go to MRT,2,10,No,LT27 / S17,Kent Ridge MRT / Opp Kent Ridge MRT,A2,Rainy,25,10,3,3,2,3,3,2
44,44,44,0,13,10,18,Yes,To go to class,4,15,No,Kent Ridge MRT / Opp Kent Ridge MRT,LT27 / S17,D2,Sunny,5,7,4,4,4,4,5,4
45,45,45,1,0,10,27,No,To go to MRT,2,25,Yes,UHC / Opp UHC,LT27 / S17,D2,Sunny,35,5,7,9,3,3,6,4
46,46,46,1,0,10,3,Yes,To go to class,2,10,Yes,UHC / Opp UHC,LT27 / S17,A2,Sunny,10,3,8,4,9,8,8,8
47,47,47,0,0,10,1,No,To go to class,1,5,No,LT27 / S17,UTown,D2,Sunny,20,5,7,10,5,5,6,6
48,48,48,3,2,10,10,No,To go to class,1,5,No,COM3,Kent Ridge MRT / Opp Kent Ridge MRT,D2,Sunny,25,5,7,7,7,7,8,7
49,49,49,3,2,10,28,No,To go to class,2,30,No,LT27 / S17,LT13 / Ventus,A2,Sunny,10,4,6,8,5,4,5,6
50,50,50,3,2,10,2,No,To go to class,2,10,No,COM3,LT27 / S17,D2,Sunny,35,7,5,8,6,5,5,6
51,51,51,3,14,10,29,Yes,To go to class,4,30,Yes,PGP,UTown,D2,Sunny,10,10,7,5,3,6,8,6
52,52,52,3,0,10,8,Yes,To go to MRT,4,10,Yes,UHC / Opp UHC,LT27 / S17,D2,Sunny,20,10,6,9,5,5,8,7
53,53,53,3,0,11,30,Yes,"To go to in-school accommodation (halls, RCs, houses etc.)",2,10,Yes,Kent Ridge MRT / Opp Kent Ridge MRT,UHC / Opp UHC,A1,Sunny,10,5,8,3,8,8,8,8
54,54,54,3,0,11,17,Yes,To go to class,2,15,No,Kent Ridge MRT / Opp Kent Ridge MRT,BIZ2 / Opp HSSML,A1,Sunny,20,8,6,6,5,5,5,5
55,55,55,3,15,11,19,No,To go to class,4,20,No,Kent Ridge MRT / Opp Kent Ridge MRT,IT / CLB,A1,Sunny,20,10,4,9,4,4,4,4
56,56,56,1,0,11,9,No,To go to MRT,3,35,Yes,Kent Ridge MRT / Opp Kent Ridge MRT,LT13 / Ventus,A2,Sunny,15,8,4,2,8,8,9,8
57,57,57,1,0,11,2,No,To go to class,2,25,Yes,LT13 / Ventus,Kent Ridge MRT / Opp Kent Ridge MRT,A1,Sunny,20,5,6,8,3,4,7,6
58,58,58,2,16,11,31,No,All of the above,2,10,No,IT / CLB,UTown,D1,Rainy,20,7,5,9,5,5,5,5
59,59,59,1,0,11,32,No,To go to class,3,40,Yes,LT13 / Ventus,LT27 / S17,A1,Sunny,40,4,6,9,6,8,9,10
60,60,60,0,17,11,21,No,To go to CCA sessions,1,5,No,IT / CLB,UHC / Opp UHC,A2,Sunny,30,5,7,9,5,2,7,6
61,61,61,0,18,11,8,No,To go to class,1,10,No,Kent Ridge MRT / Opp Kent Ridge MRT,IT / CLB,A2,Sunny,45,1,8,9,4,4,7,7
62,62,62,0,19,11,32,No,To go to CCA sessions,1,5,No,IT / CLB,LT27 / S17,A2,Sunny,30,4,10,8,6,4,10,9
63,63,63,0,3,11,33,No,To go to class,2,15,No,IT / CLB,LT27 / S17,A2,Sunny,0,8,3,1,10,10,10,6
64,64,64,1,8,11,34,No,To go to class,2,15,No,Kent Ridge MRT / Opp Kent Ridge MRT,IT / CLB,A1,Sunny,18,5,7,4,5,7,8,7
65,65,65,0,20,11,35,Yes,To go to class,3,60,No,LT13 / Ventus,LT27 / S17,A1,Sunny,10,4,7,4,6,7,8,8
66,66,66,2,14,11,3,No,To go to class,2,10,Yes,Kent Ridge MRT / Opp Kent Ridge MRT,IT / CLB,A1,Sunny,25,5,8,6,8,8,9,8
67,67,67,2,0,11,36,No,To go to MRT,2,10,No,UHC / Opp UHC,LT27 / S17,D2,Sunny,30,5,6,9,2,6,6,6
68,68,68,1,3,11,37,No,To go to class,2,10,Yes,Kent Ridge MRT / Opp Kent Ridge MRT,LT27 / S17,D2,Rainy,10,3,8,5,8,8,8,9
69,69,69,3,0,12,38,No,To go for meals,4,20,No,LT27 / S17,UTown,D2,Sunny,30,15,3,9,3,3,3,4
70,70,70,0,6,12,39,No,To go to class,1,10,No,Kent Ridge MRT / Opp Kent Ridge MRT,IT / CLB,A2,Sunny,8,12,6,8,4,3,3,5
71,71,71,2,15,12,7,No,To go to class,2,22,No,Kent Ridge MRT / Opp Kent Ridge MRT,IT / CLB,A1,Sunny,25,4,8,8,7,7,7,7
72,72,72,2,16,12,17,No,To go to class,3,15,No,Kent Ridge MRT / Opp Kent Ridge MRT,LT27 / S17,A1,Sunny,10,2,8,5,7,7,8,8
73,73,73,2,21,12,19,No,To go to class,4,20,No,Kent Ridge MRT / Opp Kent Ridge MRT,IT / CLB,A1,Sunny,30,12,2,7,3,3,6,3
74,74,74,3,22,12,0,No,To go to class,3,30,Yes,Kent Ridge MRT / Opp Kent Ridge MRT,UHC / Opp UHC,D2,Sunny,30,1,10,8,7,6,10,7
75,75,75,1,23,12,15,No,To go to class,2,7,No,Kent Ridge MRT / Opp Kent Ridge MRT,IT / CLB,A1,Sunny,30,8,1,8,4,4,5,5
76,76,76,2,9,12,18,No,To go to class,3,15,Yes,Kent Ridge MRT / Opp Kent Ridge MRT,UHC / Opp UHC,D2,Sunny,30,13,2,10,2,2,3,2
77,77,77,1,0,12,40,No,To go to class,3,30,No,Kent Ridge MRT / Opp Kent Ridge MRT,LT13 / Ventus,A2,Sunny,15,6,5,7,5,6,8,7
78,78,78,1,24,12,21,No,To go to class,1,5,Yes,Kent Ridge MRT / Opp Kent Ridge MRT,LT27 / S17,A2,Sunny,10,5,5,6,6,5,5,5
79,79,79,2,25,12,41,No,To go to class,2,15,Yes,Kent Ridge MRT / Opp Kent Ridge MRT,UTown,D2,Sunny,15,1,10,2,9,10,10,10
80,80,80,2,25,12,42,No,To go to class,2,12,No,Kent Ridge MRT / Opp Kent Ridge MRT,LT27 / S17,D2,Sunny,15,5,7,5,8,9,9,8
81,81,81,0,1,12,14,No,To go to class,4,40,Yes,LT27 / S17,UHC / Opp UHC,D2,Sunny,30,6,6,9,5,5,10,5
82,82,82,1,0,13,19,No,To go to class,2,40,No,Kent Ridge MRT / Opp Kent Ridge MRT,IT / CLB,A1,Sunny,60,3,8,10,3,5,9,7
83,83,83,1,0,13,14,No,To go to class,4,40,Yes,Kent Ridge MRT / Opp Kent Ridge MRT,COM3,D2,Rainy,15,6,5,6,7,7,8,8
84,84,84,1,3,13,1,No,To go for meals,0,15,Yes,Kent Ridge MRT / Opp Kent Ridge MRT,LT27 / S17,D2,Sunny,50,10,4,10,2,3,7,5
85,85,85,2,9,13,43,No,To go to MRT,2,5,Yes,Kent Ridge MRT / Opp Kent Ridge MRT,UHC / Opp UHC,D2,Sunny,10,0,9,5,9,10,10,10
86,86,86,1,0,13,44,No,To go to class,2,30,Yes,Kent Ridge MRT / Opp Kent Ridge MRT,UTown,D2,Sunny,40,8,6,6,4,5,7,7
87,87,87,1,0,13,21,No,To go to class,4,25,Yes,LT27 / S17,UHC / Opp UHC,D2,Sunny,25,2,8,7,4,6,8,6
88,88,88,0,13,13,45,Yes,To go to class,2,5,Yes,Kent Ridge MRT / Opp Kent Ridge MRT,UHC / Opp UHC,D2,Sunny,25,6,4,8,3,3,4,4
89,89,89,0,0,13,46,No,To go to class,1,10,Yes,LT27 / S17,UHC / Opp UHC,D2,Sunny,15,3,7,3,6,7,7,7
90,90,90,1,19,13,12,No,To go to class,2,35,Yes,Kent Ridge MRT / Opp Kent Ridge MRT,UHC / Opp UHC,A1,Sunny,25,5,7,8,6,5,8,7
91,91,91,3,1,13,46,Yes,To go to class,5,50,Yes,UTown,IT / CLB,D1,Sunny,50,3,9,10,3,6,8,6
92,92,92,1,0,14,46,No,To go to class,3,30,No,Kent Ridge MRT / Opp Kent Ridge MRT,LT13 / Ventus,A2,Sunny,15,6,6,3,8,8,9,8
93,93,93,2,14,14,47,No,To go to class,2,10,No,Kent Ridge MRT / Opp Kent Ridge MRT,UTown,D2,Rainy,20,8,7,8,6,7,7,8
94,94,94,2,14,14,48,No,To go to CCA sessions,4,12,No,LT27 / S17,UHC / Opp UHC,A1,Sunny,5,6,6,4,7,7,8,8
95,95,95,0,13,14,1,Yes,To go to class,4,10,No,Kent Ridge MRT / Opp Kent Ridge MRT,IT / CLB,A2,Sunny,15,5,5,7,5,5,4,4
96,96,96,0,0,14,1,No,To go to class,1,10,No,Kent Ridge MRT / Opp Kent Ridge MRT,IT / CLB,A2,Sunny,10,8,5,7,5,4,5,4
97,97,97,1,0,15,1,No,To go to class,4,50,Yes,Kent Ridge MRT / Opp Kent Ridge MRT,UHC / Opp UHC,D2,Sunny,40,20,3,10,1,3,5,2
98,98,98,1,0,15,17,No,To go to class,4,20,No,Kent Ridge MRT / Opp Kent Ridge MRT,BIZ2 / Opp HSSML,A2,Sunny,30,6,5,10,1,6,6,5
99,99,99,1,0,15,49,No,To go to class,4,10,Yes,Kent Ridge MRT / Opp Kent Ridge MRT,UHC / Opp UHC,A1,Sunny,25,11,5,10,3,3,6,5
100,100,100,0,26,15,35,Yes,To go to class,2,20,No,UTown,LT13 / Ventus,D1,Sunny,20,3,6,8,4,5,10,7
101,101,101,1,27,15,17,No,To go to class,3,30,Yes,Kent Ridge MRT / Opp Kent Ridge MRT,UHC / Opp UHC,A1,Sunny,40,3,6,9,8,8,8,6
102,102,102,0,11,15,50,No,To go to class,4,12,No,Kent Ridge MRT / Opp Kent Ridge MRT,LT27 / S17,D2,Sunny,16,3,7,6,6,6,8,8
103,103,103,3,9,15,51,No,To go to class,2,25,No,Kent Ridge MRT / Opp Kent Ridge MRT,UTown,D2,Sunny,30,3,8,4,7,8,9,8
104,104,104,3,3,15,52,No,To go to class,4,20,No,Kent Ridge MRT / Opp Kent Ridge MRT,LT27 / S17,A1,Sunny,18,5,3,4,8,6,10,9
105,105,105,1,0,15,15,No,To go to class,4,30,No,Kent Ridge MRT / Opp Kent Ridge MRT,COM3,D2,Sunny,20,5,7,7,5,6,8,6
106,106,106,1,11,15,21,No,To go to class,6,30,Yes,UHC / Opp UHC,UTown,D2,Sunny,20,10,4,10,3,6,8,4
107,107,107,0,3,15,17,Yes,To go to class,2,10,Yes,UTown,LT27 / S17,D2,Sunny,20,10,3,8,4,4,3,4
108,108,108,0,10,15,11,Yes,To go to MRT,2,10,Yes,UTown,UHC / Opp UHC,D2,Sunny,10,10,3,3,7,6,6,6
109,109,109,3,12,15,22,No,To go to class,5,60,No,UTown,PGP,D2,Sunny,20,5,8,7,5,6,7,7
110,110,110,1,5,15,23,No,To go to class,2,30,No,Kent Ridge MRT / Opp Kent Ridge MRT,IT / CLB,A1,Sunny,15,5,9,3,9,8,9,9
111,111,111,3,5,15,53,No,To go to class,2,10,No,Kent Ridge MRT / Opp Kent Ridge MRT,LT27 / S17,A1,Sunny,15,8,3,8,3,6,9,5
112,112,112,1,6,15,11,Yes,To go to class,2,40,No,LT13 / Ventus,LT27 / S17,A1,Sunny,20,5,7,4,8,9,10,9
113,113,113,2,28,16,54,No,To go to class,1,10,No,UTown,LT27 / S17,D2,Sunny,20,5,7,8,5,5,7,6
114,114,114,1,0,16,55,No,To go to MRT,4,40,Yes,Kent Ridge MRT / Opp Kent Ridge MRT,UHC / Opp UHC,A1,Rainy,30,3,8,7,4,5,7,6
115,115,115,1,0,16,2,No,To go to class,4,35,Yes,LT13 / Ventus,Kent Ridge MRT / Opp Kent Ridge MRT,A1,Sunny,35,5,6,9,3,3,7,5
116,116,116,3,29,16,26,Yes,To go to class,4,6,No,UHC / Opp UHC,IT / CLB,A1,Sunny,5,4,7,3,10,10,10,8
117,117,117,2,19,16,1,No,To go to class,2,8,No,UTown,LT13 / Ventus,D1,Sunny,25,9,4,7,5,5,4,4
118,118,118,3,3,16,31,No,To go to class,2,10,Yes,Kent Ridge MRT / Opp Kent Ridge MRT,UHC / Opp UHC,A1,Sunny,20,7,7,5,6,6,6,6
119,119,119,0,28,16,9,Yes,To go for meals,2,8,No,UTown,LT27 / S17,D2,Sunny,20,8,5,5,5,5,5,5
120,120,120,0,28,16,31,No,To go to class,2,10,Yes,UTown,IT / CLB,D1,Sunny,10,6,6,7,5,4,5,5
121,121,121,3,10,16,56,No,To go to class,2,20,Yes,Kent Ridge MRT / Opp Kent Ridge MRT,COM3,D2,Sunny,20,9,5,9,2,2,3,5
122,122,122,1,12,16,18,No,To go to class,3,30,No,Kent Ridge MRT / Opp Kent Ridge MRT,UTown,D2,Sunny,30,10,5,9,2,4,8,5
123,123,123,2,5,16,18,No,To go to class,3,15,No,Kent Ridge MRT / Opp Kent Ridge MRT,UTown,D2,Sunny,40,15,2,9,4,7,9,6
124,124,124,3,6,16,33,Yes,To go to class,2,30,Yes,LT13 / Ventus,LT27 / S17,A1,Sunny,40,6,8,9,3,9,10,7
125,125,125,3,1,16,57,Yes,To go to class,4,50,Yes,PGP,UHC / Opp UHC,A1,Sunny,30,4,9,4,9,10,10,9
126,126,126,1,0,17,44,No,To go to class,2,25,No,Kent Ridge MRT / Opp Kent Ridge MRT,COM3,D2,Sunny,20,7,4,6,6,7,8,7
127,127,127,1,10,17,28,Yes,To go to class,4,15,Yes,PGP,IT / CLB,A1,Sunny,10,5,9,5,9,9,9,9
128,128,128,1,14,17,15,Yes,To go to CCA sessions,2,10,No,UHC / Opp UHC,IT / CLB,A1,Sunny,5,7,5,8,5,5,5,4
129,129,129,0,19,17,58,No,To go for meals,4,15,No,UHC / Opp UHC,LT27 / S17,A2,Sunny,6,6,6,6,5,5,4,6
130,130,130,1,3,17,59,Yes,To go to MRT,1,8,No,UTown,Kent Ridge MRT / Opp Kent Ridge MRT,D2,Sunny,10,5,8,7,7,6,5,6
131,131,131,1,28,17,60,No,To go to CCA sessions,2,10,No,LT27 / S17,UHC / Opp UHC,D2,Sunny,7,1,10,1,10,10,10,10
132,132,132,1,10,17,61,No,To go to CCA sessions,3,15,No,BIZ2 / Opp HSSML,LT13 / Ventus,A2,Sunny,7,3,10,5,5,5,5,5
133,133,133,1,12,17,20,No,To go to MRT,4,30,No,Kent Ridge MRT / Opp Kent Ridge MRT,UTown,D2,Sunny,35,15,2,10,1,3,7,3
134,134,134,1,17,17,1,Yes,"To go to in-school accommodation (halls, RCs, houses etc.)",2,20,No,PGP,LT13 / Ventus,A2,Sunny,20,10,4,8,5,7,8,7
135,135,135,0,5,17,9,No,To go to class,3,20,No,Kent Ridge MRT / Opp Kent Ridge MRT,IT / CLB,A1,Sunny,20,5,9,8,3,6,9,8
136,136,136,0,6,17,62,No,To go to class,2,30,Yes,Kent Ridge MRT / Opp Kent Ridge MRT,UHC / Opp UHC,A1,Rainy,35,4,9,9,4,8,10,8
137,137,137,1,0,18,63,No,To go to class,4,40,No,Kent Ridge MRT / Opp Kent Ridge MRT,COM3,D2,Sunny,20,5,6,7,5,6,8,7
138,138,138,2,13,18,0,Yes,To go for meals,2,2,No,UHC / Opp UHC,IT / CLB,A1,Sunny,3,1,9,9,5,5,7,6
139,139,139,3,7,18,6,Yes,To go to class,3,15,No,UHC / Opp UHC,UTown,D2,Sunny,15,4,6,6,6,5,6,6
140,140,140,3,19,18,33,No,To go to class,2,40,No,Kent Ridge MRT / Opp Kent Ridge MRT,COM3,D2,Sunny,30,15,2,9,2,2,2,2
141,141,141,2,3,18,28,No,To go for meals,4,20,No,BIZ2 / Opp HSSML,PGP,A1,Rainy,7,7,7,4,6,6,5,7
142,142,142,2,28,18,51,No,To go to MRT,2,15,No,PGP,Kent Ridge MRT / Opp Kent Ridge MRT,A1,Sunny,8,3,5,5,5,5,5,5
143,143,143,2,10,18,64,No,To go to class,2,10,No,Kent Ridge MRT / Opp Kent Ridge MRT,IT / CLB,A1,Sunny,30,12,2,8,4,4,4,4
144,144,144,3,9,18,22,No,To go to class,3,30,No,Kent Ridge MRT / Opp Kent Ridge MRT,LT13 / Ventus,A2,Sunny,20,6,6,7,6,8,8,7
145,145,145,2,17,18,17,No,To go to class,4,45,No,Kent Ridge MRT / Opp Kent Ridge MRT,IT / CLB,A1,Sunny,20,8,7,8,4,8,9,7
146,146,146,2,17,18,1,No,To go to class,3,30,No,Kent Ridge MRT / Opp Kent Ridge MRT,IT / CLB,A1,Sunny,20,10,6,7,5,7,10,7
147,147,147,3,5,18,1,No,To go to class,3,15,No,Kent Ridge MRT / Opp Kent Ridge MRT,LT27 / S17,D2,Sunny,30,15,3,10,3,6,5,3
148,148,148,3,2,19,65,Yes,To go to class,2,10,No,UHC / Opp UHC,IT / CLB,A1,Sunny,9,5,3,7,7,6,9,8
149,149,149,3,0,19,5,Yes,To go to class,2,10,No,UTown,UHC / Opp UHC,D2,Rainy,20,4,7,5,7,6,6,7
150,150,150,3,9,19,66,Yes,"To go to in-school accommodation (halls, RCs, houses etc.)",1,10,No,LT13 / Ventus,UTown,D1,Sunny,4,8,4,4,9,7,10,8
151,151,151,3,28,19,67,Yes,To go to class,2,10,No,LT27 / S17,Kent Ridge MRT / Opp Kent Ridge MRT,D2,Sunny,10,10,1,10,1,1,3,1
152,152,152,3,0,19,9,Yes,To go to class,2,30,No,UHC / Opp UHC,COM3,D2,Rainy,5,7,7,10,3,3,4,4
153,153,153,3,7,19,49,Yes,To go to class,2,10,No,UHC / Opp UHC,IT / CLB,A2,Sunny,20,6,6,9,5,3,3,5
154,154,154,1,0,19,33,No,To go to class,3,35,No,Kent Ridge MRT / Opp Kent Ridge MRT,LT13 / Ventus,A2,Sunny,20,5,6,7,6,7,8,6
155,155,155,3,19,19,68,Yes,To go to CCA sessions,2,12,No,LT27 / S17,UHC / Opp UHC,A1,Sunny,10,3,8,4,9,8,8,8
156,156,156,3,18,19,18,Yes,"To go to in-school accommodation (halls, RCs, houses etc.)",2,15,No,PGP,LT13 / Ventus,A2,Sunny,15,6,6,6,7,7,7,7
157,157,157,1,30,19,2,No,To go to class,4,40,No,LT13 / Ventus,Kent Ridge MRT / Opp Kent Ridge MRT,A1,Sunny,35,6,5,8,4,6,7,6
158,158,158,3,17,19,23,No,To go to class,3,25,No,Kent Ridge MRT / Opp Kent Ridge MRT,IT / CLB,A1,Sunny,20,10,4,8,3,7,8,5
159,159,159,1,6,19,69,No,To go to class,2,25,Yes,Kent Ridge MRT / Opp Kent Ridge MRT,UHC / Opp UHC,A1,Sunny,15,6,5,6,7,7,9,8
160,160,160,3,0,20,70,Yes,To go to class,3,10,No,Kent Ridge MRT / Opp Kent Ridge MRT,UHC / Opp UHC,A1,Sunny,15,7,5,6,8,9,8,8
161,161,161,3,8,20,21,Yes,To go to class,2,10,No,UHC / Opp UHC,Kent Ridge MRT / Opp Kent Ridge MRT,A2,Rainy,50,8,7,7,5,4,10,7
162,162,162,1,0,21,55,No,To go to MRT,3,30,No,Kent Ridge MRT / Opp Kent Ridge MRT,COM3,D2,Rainy,20,3,7,3,7,8,9,8
163,163,163,1,0,21,71,No,To go to class,3,25,No,COM3,LT27 / S17,D2,Rainy,15,5,6,7,6,7,7,6
164,164,164,3,19,21,13,Yes,To go to class,2,10,No,LT27 / S17,UHC / Opp UHC,A1,Rainy,20,5,6,8,5,5,5,5
165,165,165,1,25,21,72,Yes,To go to class,2,20,No,UTown,IT / CLB,D1,Rainy,15,7,5,8,3,3,5,5
166,166,166,2,24,21,21,No,To go to CCA sessions,3,15,No,Kent Ridge MRT / Opp Kent Ridge MRT,IT / CLB,A1,Rainy,7,3,7,5,5,5,8,8
167,167,167,3,3,21,22,No,To go to class,2,10,No,UTown,LT13 / Ventus,D1,Sunny,10,4,6,6,4,5,7,8
168,168,168,3,18,21,22,No,To go to class,2,25,No,Kent Ridge MRT / Opp Kent Ridge MRT,IT / CLB,A1,Sunny,20,4,7,6,7,7,8,7
169,169,169,3,30,21,18,No,To go to CCA sessions,2,30,No,Kent Ridge MRT / Opp Kent Ridge MRT,LT13 / Ventus,A2,Sunny,20,5,6,8,4,5,8,6
170,170,170,2,9,21,3,No,To go to class,4,40,No,Kent Ridge MRT / Opp Kent Ridge MRT,LT13 / Ventus,A2,Rainy,25,4,6,6,6,7,7,8
171,171,171,0,12,21,73,No,To go to class,3,30,No,Kent Ridge MRT / Opp Kent Ridge MRT,UHC / Opp UHC,A1,Rainy,40,15,4,10,2,4,4,5
172,172,172,3,17,21,1,No,To go to class,2,30,No,Kent Ridge MRT / Opp Kent Ridge MRT,IT / CLB,A1,Rainy,30,15,2,10,2,5,4,4
173,173,173,0,6,21,7,No,To go to class,2,20,No,Kent Ridge MRT / Opp Kent Ridge MRT,LT27 / S17,D2,Rainy,60,7,6,10,4,7,9,8
174,174,174,0,1,21,74,No,To go to class,3,40,No,Kent Ridge MRT / Opp Kent Ridge MRT,IT / CLB,A1,Rainy,65,7,4,10,6,6,9,7
175,175,175,2,19,22,75,No,To go to class,2,5,Yes,Kent Ridge MRT / Opp Kent Ridge MRT,UHC / Opp UHC,A1,Sunny,20,10,3,9,3,3,3,3
176,176,176,1,0,22,55,No,To go to class,3,30,No,Kent Ridge MRT / Opp Kent Ridge MRT,LT13 / Ventus,A2,Rainy,10,5,6,3,8,8,8,8
177,177,177,1,18,22,13,No,To go to class,3,30,No,Kent Ridge MRT / Opp Kent Ridge MRT,IT / CLB,A1,Sunny,25,6,5,7,6,7,8,7
178,178,178,3,30,22,17,No,To go to class,3,35,No,Kent Ridge MRT / Opp Kent Ridge MRT,LT13 / Ventus,A2,Sunny,20,6,5,7,5,7,8,6
179,179,179,1,30,22,13,No,To go to MRT,2,25,No,Kent Ridge MRT / Opp Kent Ridge MRT,LT13 / Ventus,A2,Sunny,15,8,4,6,6,7,8,7
180,180,180,3,17,22,15,No,To go to MRT,3,30,No,Kent Ridge MRT / Opp Kent Ridge MRT,LT13 / Ventus,A2,Sunny,35,15,4,8,5,6,9,3
181,181,181,1,11,23,76,No,To go to class,2,20,No,Kent Ridge MRT / Opp Kent Ridge MRT,LT13 / Ventus,A2,Sunny,20,5,8,9,8,9,10,9
182,182,182,0,18,23,17,No,To go to class,2,20,No,Kent Ridge MRT / Opp Kent Ridge MRT,IT / CLB,A1,Rainy,15,5,6,8,4,7,8,7
183,183,183,0,30,23,18,No,To go to class,3,35,No,Kent Ridge MRT / Opp Kent Ridge MRT,LT13 / Ventus,A2,Sunny,25,5,6,8,4,7,8,6
184,184,184,1,9,23,28,No,To go to class,2,20,No,Kent Ridge MRT / Opp Kent Ridge MRT,LT13 / Ventus,A2,Sunny,20,7,4,7,5,7,7,7
185,185,185,0,18,24,18,No,To go to class,3,30,No,Kent Ridge MRT / Opp Kent Ridge MRT,IT / CLB,A1,Sunny,20,5,6,7,4,6,7,7
186,186,186,1,30,24,22,No,To go to class,2,20,No,LT13 / Ventus,LT27 / S17,A1,Rainy,30,6,5,9,3,4,7,5
187,187,187,0,9,24,9,No,To go to class,3,25,No,Kent Ridge MRT / Opp Kent Ridge MRT,LT13 / Ventus,A2,Sunny,30,5,5,9,3,5,8,6
188,188,188,2,9,24,20,No,To go to class,2,30,No,Kent Ridge MRT / Opp Kent Ridge MRT,LT13 / Ventus,A2,Sunny,30,3,7,6,6,7,8,7
189,189,189,3,12,24,77,No,To go to class,4,30,No,Kent Ridge MRT / Opp Kent Ridge MRT,UTown,D2,Sunny,15,5,8,4,9,8,10,9
190,190,190,0,6,24,1,Yes,To go to class,3,40,No,PGP,LT27 / S17,D2,Rainy,40,4,7,9,5,6,9,8
191,191,191,1,18,25,13,No,To go to MRT,2,30,No,Kent Ridge MRT / Opp Kent Ridge MRT,IT / CLB,A1,Rainy,30,4,7,8,4,6,7,5
192,192,192,2,9,25,13,Yes,"To go to in-school accommodation (halls, RCs, houses etc.)",3,30,No,Kent Ridge MRT / Opp Kent Ridge MRT,LT13 / Ventus,A2,Sunny,20,4,7,6,6,7,7,7
193,193,193,1,12,25,0,No,To go to class,3,20,No,Kent Ridge MRT / Opp Kent Ridge MRT,UTown,D2,Sunny,30,5,8,8,4,5,7,7
194,194,194,1,5,25,1,No,To go to MRT,4,30,No,Kent Ridge MRT / Opp Kent Ridge MRT,IT / CLB,A1,Sunny,20,5,8,5,6,8,8,8
195,195,195,3,25,22,15,No,To go to MRT,3,20,No,LT27 / S17,IT / CLB,A1,Rainy,20,5,3,9,4,3,4,3
196,196,196,0,24,22,73,No,To go for meals,2,15,No,Kent Ridge MRT / Opp Kent Ridge MRT,BIZ2 / Opp HSSML,A2,Rainy,9,5,5,6,4,7,8,6
197,197,197,2,3,22,49,No,To go to CCA sessions,2,15,No,Kent Ridge MRT / Opp Kent Ridge MRT,IT / CLB,A1,Sunny,30,10,2,9,2,3,3,3
198,198,198,0,14,24,15,No,To go to class,2,20,No,Kent Ridge MRT / Opp Kent Ridge MRT,BIZ2 / Opp HSSML,A2,Rainy,30,15,7,7,7,7,7,7
199,199,199,0,14,25,9,No,To go to MRT,2,20,No,Kent Ridge MRT / Opp Kent Ridge MRT,BIZ2 / Opp HSSML,A2,Rainy,30,15,7,7,7,7,7,7
200,200,200,2,14,21,18,No,To go to class,1,10,No,Kent Ridge MRT / Opp Kent Ridge MRT,BIZ2 / Opp HSSML,A2,Sunny,10,5,10,6,6,7,10,9
201,201,201,2,14,22,12,No,To go to class,2,10,No,Kent Ridge MRT / Opp Kent Ridge MRT,BIZ2 / Opp HSSML,A2,Sunny,3,3,10,1,10,10,10,10
202,202,202,0,13,23,53,Yes,"To go to in-school accommodation (halls, RCs, houses etc.)",2,15,No,UTown,PGP,D2,Sunny,30,20,1,10,1,1,4,3
203,203,203,3,13,23,18,Yes,"To go to in-school accommodation (halls, RCs, houses etc.)",2,15,No,UTown,PGP,D2,Rainy,50,25,1,10,1,1,1,1
204,204,204,1,1,19,33,No,To go to class,3,40,Yes,Kent Ridge MRT / Opp Kent Ridge MRT,LT27 / S17,D2,Sunny,50,5,8,10,3,6,9,7
205,205,205,2,1,24,58,No,To go to class,2,20,No,Kent Ridge MRT / Opp Kent Ridge MRT,LT27 / S17,A1,Rainy,30,3,9,10,6,6,9,8
206,206,206,0,11,15,78,Yes,To go to class,4,45,Yes,UTown,UHC / Opp UHC,D2,Sunny,25,5,9,7,6,7,9,9
207,207,207,0,2,21,1,Yes,To go to class,2,15,No,UTown,COM3,D1,Sunny,17,15,6,7,6,6,6,6
208,208,208,0,2,22,10,Yes,To go to class,2,15,No,UTown,COM3,D1,Sunny,25,20,4,9,4,6,5,4
209,209,209,0,11,22,1,No,To go to class,4,40,No,Kent Ridge MRT / Opp Kent Ridge MRT,LT27 / S17,A1,Rainy,55,5,8,10,4,7,9,7
210,210,210,3,11,12,0,Yes,To go to class,5,40,Yes,PGP,UHC / Opp UHC,A1,Sunny,35,5,8,9,7,7,9,9
211,211,211,1,11,24,35,No,To go to class,2,25,No,Kent Ridge MRT / Opp Kent Ridge MRT,LT27 / S17,D2,Rainy,50,5,8,10,7,6,9,9
212,212,212,1,0,24,19,No,To go to class,3,30,No,Kent Ridge MRT / Opp Kent Ridge MRT,COM3,D2,Rainy,20,1,9,5,7,7,8,8
213,213,213,1,0,23,44,No,To go to class,2,25,No,Kent Ridge MRT / Opp Kent Ridge MRT,COM3,D2,Rainy,20,4,7,7,6,7,8,7
214,214,214,0,2,22,22,Yes,To go for meals,4,45,No,PGP,UTown,D2,Sunny,20,10,7,9,6,8,8,8
215,215,215,3,7,16,79,Yes,To go for meals,4,35,No,UHC / Opp UHC,IT / CLB,A2,Sunny,20,12,5,8,7,8,7,7
216,216,216,2,7,18,19,No,To go to class,4,30,No,Kent Ridge MRT / Opp Kent Ridge MRT,BIZ2 / Opp HSSML,A2,Sunny,7,7,10,3,9,8,10,9
217,217,217,2,7,18,18,No,"To go to in-school accommodation (halls, RCs, houses etc.)",2,37,No,Kent Ridge MRT / Opp Kent Ridge MRT,PGP,A2,Sunny,35,15,5,9,5,6,7,6
218,218,218,2,11,19,80,No,To go to class,3,30,No,Kent Ridge MRT / Opp Kent Ridge MRT,LT27 / S17,D2,Sunny,30,4,8,9,5,6,9,8
219,219,219,3,11,24,81,Yes,To go to class,5,40,No,UTown,LT27 / S17,D2,Rainy,40,5,6,9,6,7,9,7
220,220,220,0,15,21,7,Yes,To go to class,4,40,No,UTown,IT / CLB,D1,Sunny,20,5,7,7,8,9,10,7
221,221,221,3,24,23,49,No,To go to class,3,20,No,Kent Ridge MRT / Opp Kent Ridge MRT,LT27 / S17,A1,Sunny,30,4,5,9,3,4,3,5
222,222,222,2,15,22,1,No,To go to class,2,40,No,Kent Ridge MRT / Opp Kent Ridge MRT,IT / CLB,A1,Rainy,40,5,7,10,4,6,9,7
223,223,223,3,15,23,82,Yes,To go to class,4,50,Yes,PGP,UHC / Opp UHC,A1,Rainy,30,4,7,10,8,8,10,7
224,224,224,0,25,23,2,No,To go to CCA sessions,2,15,No,Kent Ridge MRT / Opp Kent Ridge MRT,UTown,D2,Sunny,15,2,9,6,8,7,8,8
225,225,225,1,3,23,49,Yes,To go to class,3,30,No,PGP,LT27 / S17,D2,Rainy,8,5,5,7,6,7,8,7
226,226,226,0,15,24,9,Yes,To go to class,5,40,No,LT27 / S17,IT / CLB,A1,Sunny,15,3,8,10,5,8,9,7
227,227,227,2,25,24,56,No,To go for meals,2,20,No,LT27 / S17,IT / CLB,A1,Sunny,15,2,9,7,5,6,5,7
228,228,228,1,15,25,33,No,To go to class,3,30,No,Kent Ridge MRT / Opp Kent Ridge MRT,IT / CLB,A1,Rainy,45,5,7,10,4,8,9,7
229,229,229,1,24,24,83,No,To go to MRT,2,15,No,UTown,LT13 / Ventus,D1,Rainy,40,6,3,9,4,3,4,4
230,230,230,3,3,24,84,No,To go for meals,3,30,No,LT27 / S17,UTown,D2,Sunny,20,4,5,7,5,6,6,5
231,231,231,1,15,21,8,No,To go to class,2,25,Yes,Kent Ridge MRT / Opp Kent Ridge MRT,UHC / Opp UHC,A1,Rainy,40,5,7,10,5,6,9,7
232,232,232,2,25,25,10,No,To go to class,3,30,No,Kent Ridge MRT / Opp Kent Ridge MRT,UHC / Opp UHC,A2,Sunny,15,4,7,4,8,8,9,8
233,233,233,2,24,25,14,No,To go to class,2,15,No,Kent Ridge MRT / Opp Kent Ridge MRT,LT27 / S17,A1,Sunny,20,2,8,7,4,6,6,5
234,234,234,0,3,25,14,Yes,"To go to in-school accommodation (halls, RCs, houses etc.)",3,30,No,UHC / Opp UHC,LT27 / S17,A2,Sunny,5,3,7,5,7,7,9,8
235,235,235,1,25,21,85,No,To go to class,3,30,No,UTown,LT13 / Ventus,D1,Sunny,30,4,4,8,5,4,4,6
236,236,236,3,24,23,20,Yes,To go to class,2,20,No,UHC / Opp UHC,IT / CLB,A1,Rainy,5,3,7,7,4,5,6,6
237,237,237,2,3,25,86,No,To go to MRT,2,15,No,Kent Ridge MRT / Opp Kent Ridge MRT,IT / CLB,A1,Sunny,30,3,6,8,5,6,6,5
238,238,238,1,31,21,77,No,To go to class,2,15,No,Kent Ridge MRT / Opp Kent Ridge MRT,IT / CLB,A1,Sunny,10,5,4,4,6,6,4,6
239,239,239,1,31,22,5,No,To go to class,2,40,No,Kent Ridge MRT / Opp Kent Ridge MRT,IT / CLB,A1,Sunny,10,10,7,4,7,6,7,7
240,240,240,1,31,24,87,No,To go to class,3,40,No,Kent Ridge MRT / Opp Kent Ridge MRT,IT / CLB,A1,Sunny,10,10,6,6,7,7,7,6
241,241,241,1,31,26,28,No,To go to class,2,40,No,Kent Ridge MRT / Opp Kent Ridge MRT,LT13 / Ventus,A1,Sunny,20,10,6,7,4,6,6,6
242,242,242,1,31,18,11,No,To go to class,2,50,No,Kent Ridge MRT / Opp Kent Ridge MRT,LT13 / Ventus,A1,Sunny,20,16,4,6,4,4,6,5
243,243,243,0,21,27,11,No,To go to class,2,35,No,Kent Ridge MRT / Opp Kent Ridge MRT,IT / CLB,A1,Sunny,10,8,5,3,3,7,7,7
244,244,244,2,21,22,5,No,To go to class,2,35,No,Kent Ridge MRT / Opp Kent Ridge MRT,UTown,D2,Sunny,15,12,7,6,4,6,7,7
245,245,245,2,21,23,9,No,To go to class,2,35,No,Kent Ridge MRT / Opp Kent Ridge MRT,UTown,D2,Sunny,30,15,3,8,3,5,4,4
246,246,246,2,21,27,1,No,To go to class,2,35,No,Kent Ridge MRT / Opp Kent Ridge MRT,LT13 / Ventus,A1,Sunny,35,18,2,10,1,3,3,3
247,247,247,0,21,25,28,No,To go to class,4,45,No,Kent Ridge MRT / Opp Kent Ridge MRT,LT13 / Ventus,A1,Sunny,15,10,6,4,4,4,4,4
248,248,248,0,21,27,9,No,To go to class,3,45,No,Kent Ridge MRT / Opp Kent Ridge MRT,IT / CLB,A1,Sunny,30,20,2,9,2,3,4,3
249,249,249,3,21,28,23,No,To go to class,3,40,No,Kent Ridge MRT / Opp Kent Ridge MRT,LT13 / Ventus,A1,Sunny,25,15,3,7,3,3,4,4
250,250,250,3,21,23,23,No,To go to class,3,40,No,Kent Ridge MRT / Opp Kent Ridge MRT,UTown,D2,Sunny,30,18,3,8,2,3,4,3
251,251,251,3,27,21,1,No,To go to class,3,30,No,Kent Ridge MRT / Opp Kent Ridge MRT,COM3,D2,Rainy,15,5,4,7,4,5,6,6
252,252,252,2,27,22,19,Yes,"To go to in-school accommodation (halls, RCs, houses etc.)",2,15,No,UTown,BIZ2 / Opp HSSML,D1,Rainy,20,5,4,7,4,5,7,6
253,253,253,0,27,23,15,No,To go to MRT,3,20,No,Kent Ridge MRT / Opp Kent Ridge MRT,IT / CLB,A1,Rainy,20,4,5,8,3,4,5,4
254,254,254,2,27,24,13,No,To go for meals,2,15,No,Kent Ridge MRT / Opp Kent Ridge MRT,IT / CLB,A1,Sunny,20,4,5,8,3,5,6,5
255,255,255,3,27,25,51,Yes,To go to class,2,20,No,UHC / Opp UHC,IT / CLB,A1,Sunny,5,2,8,7,4,6,6,5
256,256,256,1,27,23,31,No,To go to class,3,20,No,Kent Ridge MRT / Opp Kent Ridge MRT,IT / CLB,A1,Rainy,20,6,3,8,2,4,5,3
257,257,257,0,26,24,28,No,To go to class,3,40,No,Kent Ridge MRT / Opp Kent Ridge MRT,LT13 / Ventus,A2,Sunny,15,10,4,6,4,4,4,5
258,258,258,0,26,15,5,No,To go to class,3,40,No,Kent Ridge MRT / Opp Kent Ridge MRT,IT / CLB,A1,Sunny,12,8,6,5,7,7,6,7
259,259,259,1,26,24,28,No,To go to class,3,45,No,Kent Ridge MRT / Opp Kent Ridge MRT,IT / CLB,A1,Sunny,15,10,6,6,4,4,5,4
260,260,260,2,26,24,32,No,To go to class,3,45,No,Kent Ridge MRT / Opp Kent Ridge MRT,IT / CLB,A1,Sunny,15,8,8,3,7,7,6,7
261,261,261,2,26,18,88,No,To go to class,3,30,No,Kent Ridge MRT / Opp Kent Ridge MRT,IT / CLB,A1,Sunny,20,15,4,7,4,5,4,4
262,262,262,0,26,15,5,No,To go to class,3,30,No,Kent Ridge MRT / Opp Kent Ridge MRT,IT / CLB,A1,Sunny,15,10,6,6,5,6,6,6
263,263,263,3,16,12,33,No,To go to class,2,12,No,Kent Ridge MRT / Opp Kent Ridge MRT,IT / CLB,A1,Sunny,30,10,5,9,5,5,7,5
264,264,264,3,16,14,9,No,To go to class,2,12,Yes,Kent Ridge MRT / Opp Kent Ridge MRT,UHC / Opp UHC,A1,Sunny,30,10,6,10,3,4,7,4
265,265,265,3,16,15,8,No,To go to class,4,15,No,Kent Ridge MRT / Opp Kent Ridge MRT,IT / CLB,A1,Sunny,20,5,7,8,5,6,7,6
266,266,266,1,16,16,44,No,To go to class,4,20,Yes,Kent Ridge MRT / Opp Kent Ridge MRT,UHC / Opp UHC,D2,Sunny,25,10,5,9,4,5,7,5
267,267,267,1,16,17,8,No,To go to class,4,20,No,Kent Ridge MRT / Opp Kent Ridge MRT,IT / CLB,A1,Rainy,25,10,3,10,3,5,7,5
268,268,268,0,16,18,44,Yes,To go to class,2,10,No,UTown,IT / CLB,D1,Sunny,30,15,3,9,3,6,8,5
269,269,269,0,8,19,35,Yes,To go to class,2,10,No,UHC / Opp UHC,IT / CLB,A1,Sunny,10,5,8,8,5,7,8,6
270,270,270,0,8,10,32,Yes,To go to class,2,10,No,UHC / Opp UHC,IT / CLB,A1,Sunny,10,5,9,5,8,7,8,7
271,271,271,3,8,11,28,No,To go to class,2,15,Yes,Kent Ridge MRT / Opp Kent Ridge MRT,UHC / Opp UHC,D2,Sunny,15,8,6,8,6,7,7,6
272,272,272,3,8,12,44,No,To go to class,2,10,No,Kent Ridge MRT / Opp Kent Ridge MRT,IT / CLB,A1,Rainy,20,10,6,8,5,6,7,5
273,273,273,3,8,13,8,No,To go to class,2,10,No,Kent Ridge MRT / Opp Kent Ridge MRT,IT / CLB,A1,Sunny,20,10,6,9,5,6,7,5
274,274,274,1,22,14,44,Yes,To go to class,3,20,No,BIZ2 / Opp HSSML,LT27 / S17,A1,Sunny,15,8,6,7,6,7,8,7
275,275,275,1,22,15,19,Yes,To go to class,3,20,No,BIZ2 / Opp HSSML,LT27 / S17,A1,Rainy,15,8,7,7,6,7,7,7
276,276,276,1,22,16,14,No,To go to class,4,20,Yes,Kent Ridge MRT / Opp Kent Ridge MRT,UHC / Opp UHC,D2,Sunny,20,10,6,8,5,8,8,6
277,277,277,1,22,17,89,No,To go to class,4,20,No,Kent Ridge MRT / Opp Kent Ridge MRT,COM3,D2,Rainy,15,5,7,7,6,7,8,6
278,278,278,2,22,18,26,No,To go to MRT,2,10,No,Kent Ridge MRT / Opp Kent Ridge MRT,LT27 / S17,D2,Sunny,10,5,8,4,8,8,8,8
279,279,279,2,22,19,72,No,To go to MRT,2,8,No,Kent Ridge MRT / Opp Kent Ridge MRT,COM3,D2,Sunny,15,10,6,8,5,7,8,5
280,280,280,1,32,10,73,No,To go to class,2,30,No,Kent Ridge MRT / Opp Kent Ridge MRT,BIZ2 / Opp HSSML,A2,Sunny,20,5,8,5,7,8,9,8
281,281,281,3,32,11,49,No,To go to class,3,40,No,Kent Ridge MRT / Opp Kent Ridge MRT,BIZ2 / Opp HSSML,A2,Sunny,25,10,6,8,2,7,7,6
282,282,282,3,32,13,6,No,To go to MRT,3,30,No,Kent Ridge MRT / Opp Kent Ridge MRT,COM3,D2,Sunny,15,5,9,3,8,8,9,8
283,283,283,0,29,27,17,No,To go to class,3,15,No,Kent Ridge MRT / Opp Kent Ridge MRT,LT13 / Ventus,A2,Sunny,30,8,3,8,3,4,3,4
284,284,284,0,32,14,12,Yes,To go to class,2,20,No,PGP,COM3,D2,Sunny,15,5,10,4,10,9,10,9
285,285,285,3,29,29,20,Yes,To go to class,3,20,No,UTown,COM3,D1,Rainy,20,10,4,7,5,5,5,6
286,286,286,0,20,10,90,Yes,To go to class,2,10,No,UTown,LT27 / S17,D2,Sunny,25,5,8,8,5,6,8,6
287,287,287,1,29,30,31,No,To go to CCA sessions,2,10,No,LT13 / Ventus,UHC / Opp UHC,A1,Rainy,5,5,8,3,7,7,7,7
288,288,288,0,20,11,49,Yes,To go to class,2,10,No,UTown,IT / CLB,D1,Sunny,25,5,8,8,5,6,8,6
289,289,289,2,29,31,39,No,To go for meals,4,20,No,UHC / Opp UHC,UTown,D2,Sunny,10,20,1,10,1,1,1,1
290,290,290,0,32,12,17,Yes,"To go to in-school accommodation (halls, RCs, houses etc.)",4,45,No,PGP,BIZ2 / Opp HSSML,A2,Sunny,30,5,8,10,4,6,5,7
291,291,291,0,4,31,11,No,To go to class,3,35,No,Kent Ridge MRT / Opp Kent Ridge MRT,BIZ2 / Opp HSSML,A2,Sunny,7,6,7,2,8,7,8,7
292,292,292,3,20,12,1,No,To go to class,4,20,Yes,Kent Ridge MRT / Opp Kent Ridge MRT,UHC / Opp UHC,D2,Sunny,20,7,6,7,6,6,7,6
293,293,293,2,32,12,15,No,To go to class,3,30,No,Kent Ridge MRT / Opp Kent Ridge MRT,BIZ2 / Opp HSSML,A2,Sunny,20,10,4,9,4,5,8,6
294,294,294,1,20,13,91,No,To go to class,2,5,No,Kent Ridge MRT / Opp Kent Ridge MRT,LT27 / S17,D2,Sunny,15,5,8,5,8,8,8,8
295,295,295,2,20,14,92,No,To go to class,2,5,No,UHC / Opp UHC,LT27 / S17,D2,Sunny,15,5,7,6,6,7,7,7
296,296,296,2,4,32,11,No,To go to class,3,40,No,Kent Ridge MRT / Opp Kent Ridge MRT,BIZ2 / Opp HSSML,A2,Sunny,7,10,6,3,7,6,6,7
297,297,297,3,4,29,28,No,To go to MRT,2,30,No,Kent Ridge MRT / Opp Kent Ridge MRT,IT / CLB,A1,Sunny,15,10,4,6,4,6,5,6
298,298,298,0,23,15,49,No,To go to class,2,20,No,Kent Ridge MRT / Opp Kent Ridge MRT,UTown,D2,Sunny,20,15,2,9,3,3,5,4
299,299,299,3,23,16,14,Yes,To go to class,3,30,No,UTown,LT27 / S17,D2,Sunny,10,4,4,7,3,5,5,6
300,300,300,2,23,17,86,No,To go to class,2,20,No,Kent Ridge MRT / Opp Kent Ridge MRT,BIZ2 / Opp HSSML,A2,Sunny,15,5,5,7,6,5,8,6
301,301,301,2,23,18,9,No,To go to class,3,30,No,Kent Ridge MRT / Opp Kent Ridge MRT,IT / CLB,A1,Sunny,20,5,4,7,3,5,7,5
302,302,302,1,23,19,22,No,To go for meals,2,20,No,LT27 / S17,IT / CLB,A1,Sunny,15,3,6,8,3,3,5,5
303,303,303,0,0,0,22,No,To go to class,2,5,No,LT27 / S17,Kent Ridge MRT / Opp Kent Ridge MRT,A2,Sunny,14,3,8,3,8,9,9,9
304,304,304,1,0,0,77,No,To go to class,3,30,No,COM3,LT27 / S17,D2,Sunny,15,8,5,6,7,7,7,8
305,305,305,1,0,0,58,No,To go to class,3,40,No,UTown,LT27 / S17,D2,Sunny,40,20,3,9,2,3,4,4
306,306,306,1,0,1,9,No,To go to MRT,4,30,No,Kent Ridge MRT / Opp Kent Ridge MRT,LT13 / Ventus,A2,Sunny,15,8,6,7,3,6,7,6
307,307,307,1,0,33,28,Yes,To go to class,2,15,No,UHC / Opp UHC,UTown,D2,Sunny,5,3,9,4,7,9,7,7
308,308,308,1,0,2,9,No,To go to MRT,2,25,No,Kent Ridge MRT / Opp Kent Ridge MRT,LT13 / Ventus,A2,Sunny,15,5,7,8,4,7,8,6
309,309,309,2,0,2,52,No,To go to class,2,5,No,LT27 / S17,Kent Ridge MRT / Opp Kent Ridge MRT,A2,Sunny,7,7,8,4,9,9,10,9
310,310,310,1,2,2,6,No,To go to class,1,10,No,Kent Ridge MRT / Opp Kent Ridge MRT,BIZ2 / Opp HSSML,A2,Sunny,7,5,7,9,4,3,6,6
311,311,311,0,0,3,21,No,To go to class,2,7,No,Kent Ridge MRT / Opp Kent Ridge MRT,UHC / Opp UHC,D2,Sunny,10,3,9,3,9,8,8,9
312,312,312,3,3,3,21,Yes,To go to class,4,40,No,LT27 / S17,Kent Ridge MRT / Opp Kent Ridge MRT,D2,Sunny,35,20,4,10,4,4,4,4
313,313,313,1,4,3,93,No,To go to MRT,2,30,No,COM3,Kent Ridge MRT / Opp Kent Ridge MRT,D2,Sunny,10,6,6,6,5,9,9,8
314,314,314,1,5,5,94,Yes,"To go to in-school accommodation (halls, RCs, houses etc.)",2,20,Yes,Kent Ridge MRT / Opp Kent Ridge MRT,UTown,D2,Sunny,70,30,6,7,7,6,7,5
315,315,315,0,0,6,21,No,To go to class,2,7,No,UHC / Opp UHC,Kent Ridge MRT / Opp Kent Ridge MRT,D2,Rainy,10,6,7,5,6,6,7,7
316,316,316,0,0,6,91,No,To go to class,2,15,No,LT27 / S17,Kent Ridge MRT / Opp Kent Ridge MRT,D2,Sunny,8,5,9,8,7,9,10,10
317,317,317,3,0,6,20,Yes,To go to class,6,20,No,LT27 / S17,UTown,D2,Sunny,25,5,9,7,3,3,4,5
318,318,318,1,3,6,10,No,To go to class,2,20,No,LT27 / S17,Kent Ridge MRT / Opp Kent Ridge MRT,A2,Rainy,40,15,3,8,3,3,5,3
319,319,319,1,6,6,2,No,To go to class,2,40,No,LT13 / Ventus,Kent Ridge MRT / Opp Kent Ridge MRT,A2,Sunny,20,10,8,2,9,9,9,9
320,320,320,3,4,6,95,Yes,To go to class,2,30,No,BIZ2 / Opp HSSML,UTown,D1,Sunny,5,12,4,1,10,8,9,6
321,321,321,3,7,7,96,No,To go to class,5,20,No,IT / CLB,Kent Ridge MRT / Opp Kent Ridge MRT,A2,Rainy,10,10,8,8,7,7,8,7
322,322,322,1,0,7,10,No,To go to class,2,30,No,LT27 / S17,Kent Ridge MRT / Opp Kent Ridge MRT,A2,Sunny,50,15,1,10,1,1,2,3
323,323,323,2,6,7,97,No,To go to class,2,5,No,IT / CLB,Kent Ridge MRT / Opp Kent Ridge MRT,A2,Sunny,20,10,4,9,3,4,6,4
324,324,324,1,0,7,12,Yes,To go to class,2,10,No,LT27 / S17,Kent Ridge MRT / Opp Kent Ridge MRT,D2,Sunny,5,1,10,1,10,10,10,10
325,325,325,1,0,7,21,No,To go to class,2,15,No,LT27 / S17,Kent Ridge MRT / Opp Kent Ridge MRT,A2,Rainy,40,25,1,10,1,1,1,1
326,326,326,1,0,7,67,No,To go to class,2,15,No,LT27 / S17,Kent Ridge MRT / Opp Kent Ridge MRT,A1,Sunny,15,10,7,3,7,7,7,7
327,327,327,1,0,7,12,Yes,To go for meals,4,60,No,UTown,UHC / Opp UHC,D2,Sunny,25,15,3,8,3,3,3,3
328,328,328,1,0,7,98,Yes,To go for meals,4,15,No,UTown,UHC / Opp UHC,D2,Sunny,25,15,3,8,3,3,3,3
329,329,329,0,2,7,77,Yes,To go to class,2,60,No,LT27 / S17,Kent Ridge MRT / Opp Kent Ridge MRT,D2,Sunny,40,5,9,4,8,7,10,8
330,330,330,1,3,7,21,No,To go to class,2,10,No,LT27 / S17,Kent Ridge MRT / Opp Kent Ridge MRT,D2,Sunny,4,10,5,6,6,5,8,5
331,331,331,1,5,7,2,No,To go to class,1,30,No,IT / CLB,Kent Ridge MRT / Opp Kent Ridge MRT,A2,Rainy,50,10,4,8,8,8,8,7
332,332,332,0,8,7,5,Yes,To go to class,2,10,No,LT27 / S17,UTown,D2,Sunny,15,5,8,3,8,8,8,8
333,333,333,0,8,7,5,Yes,To go to class,2,10,No,LT27 / S17,UTown,D2,Rainy,35,20,3,9,3,3,3,3
334,334,334,1,9,7,38,No,To go to class,2,10,No,IT / CLB,UHC / Opp UHC,A2,Sunny,15,6,7,7,7,8,9,7
335,335,335,3,2,7,14,No,To go to class,2,15,No,COM3,Kent Ridge MRT / Opp Kent Ridge MRT,D2,Sunny,25,15,5,7,6,6,6,6
336,336,336,1,0,7,20,No,To go to class,2,30,No,UTown,LT27 / S17,D2,Sunny,20,5,8,2,8,8,8,8
337,337,337,1,0,7,10,No,To go to class,3,30,No,UTown,Kent Ridge MRT / Opp Kent Ridge MRT,D2,Sunny,20,10,4,7,6,7,7,5
338,338,338,3,0,7,98,No,To go to CCA sessions,4,18,No,UHC / Opp UHC,UTown,D2,Sunny,6,5,7,3,7,7,7,7
339,339,339,2,11,7,77,No,To go to class,2,5,No,LT27 / S17,Kent Ridge MRT / Opp Kent Ridge MRT,A2,Sunny,10,5,8,8,5,6,8,6
340,340,340,0,12,8,19,No,To go to class,2,30,No,UHC / Opp UHC,Kent Ridge MRT / Opp Kent Ridge MRT,A1,Sunny,4,10,7,4,8,8,8,8
341,341,341,3,2,9,21,Yes,To go to class,2,30,No,UTown,Kent Ridge MRT / Opp Kent Ridge MRT,D2,Sunny,30,5,7,7,8,8,7,9
342,342,342,1,0,10,3,No,To go to class,3,35,Yes,UHC / Opp UHC,LT27 / S17,A2,Sunny,50,20,3,9,2,5,7,4
343,343,343,1,0,10,30,No,To go to class,4,30,Yes,LT27 / S17,Kent Ridge MRT / Opp Kent Ridge MRT,D2,Sunny,25,10,4,8,3,4,7,5
344,344,344,0,0,10,3,No,To go to class,2,15,No,Kent Ridge MRT / Opp Kent Ridge MRT,IT / CLB,A2,Sunny,40,25,1,1,1,1,1,1
345,345,345,0,0,10,3,No,To go to MRT,2,10,No,Kent Ridge MRT / Opp Kent Ridge MRT,LT27 / S17,D2,Sunny,30,15,3,3,1,2,4,2
346,346,346,0,13,10,9,Yes,To go to class,4,15,No,UTown,Kent Ridge MRT / Opp Kent Ridge MRT,D2,Sunny,25,9,4,1,1,2,3,2
347,347,347,1,0,10,13,No,To go to MRT,2,25,Yes,UHC / Opp UHC,UTown,D2,Sunny,15,6,6,4,8,6,8,8
348,348,348,1,0,10,53,Yes,To go to class,2,10,Yes,Kent Ridge MRT / Opp Kent Ridge MRT,UHC / Opp UHC,D2,Sunny,10,5,7,5,7,7,8,8
349,349,349,3,2,10,18,No,To go to class,1,5,No,Kent Ridge MRT / Opp Kent Ridge MRT,COM3,D2,Sunny,30,5,6,8,6,6,7,6
350,350,350,3,2,10,17,No,To go to class,2,30,No,Kent Ridge MRT / Opp Kent Ridge MRT,LT27 / S17,A1,Sunny,10,5,7,7,5,5,5,6
351,351,351,3,2,10,10,No,To go to class,2,10,No,LT27 / S17,Kent Ridge MRT / Opp Kent Ridge MRT,D2,Sunny,25,2,8,6,7,7,7,8
352,352,352,3,14,10,99,Yes,To go to class,4,30,Yes,UTown,UHC / Opp UHC,D2,Sunny,40,0,10,9,1,1,6,4
353,353,353,1,0,10,53,No,To go to class,3,40,Yes,Kent Ridge MRT / Opp Kent Ridge MRT,UHC / Opp UHC,A1,Rainy,70,10,6,10,5,3,8,5
354,354,354,3,0,10,12,Yes,To go to MRT,4,10,Yes,LT27 / S17,UHC / Opp UHC,D2,Sunny,15,5,7,6,7,8,8,7
355,355,355,3,0,11,100,Yes,"To go to in-school accommodation (halls, RCs, houses etc.)",2,10,Yes,UHC / Opp UHC,Kent Ridge MRT / Opp Kent Ridge MRT,A2,Sunny,10,5,8,2,8,7,8,8
356,356,356,3,0,11,2,Yes,To go to class,2,15,No,BIZ2 / Opp HSSML,Kent Ridge MRT / Opp Kent Ridge MRT,A1,Sunny,5,5,9,2,9,9,8,8
357,357,357,3,15,11,101,No,To go to class,4,20,No,IT / CLB,LT13 / Ventus,A1,Sunny,8,5,7,5,6,6,6,6
358,358,358,1,0,11,2,No,To go to MRT,3,35,Yes,LT13 / Ventus,Kent Ridge MRT / Opp Kent Ridge MRT,A1,Sunny,20,5,6,7,4,5,7,6
359,359,359,1,0,11,9,No,To go to class,2,25,Yes,Kent Ridge MRT / Opp Kent Ridge MRT,LT13 / Ventus,A2,Sunny,10,8,4,3,8,8,9,8
360,360,360,2,16,11,94,No,All of the above,2,10,No,UTown,Kent Ridge MRT / Opp Kent Ridge MRT,D2,Rainy,15,5,5,7,5,5,5,5
361,361,361,1,0,11,14,No,To go to class,3,40,Yes,LT27 / S17,IT / CLB,A1,Sunny,50,5,5,10,6,5,8,7
362,362,362,2,25,11,33,No,To go to class,2,10,Yes,LT27 / S17,IT / CLB,A1,Sunny,10,5,7,7,7,7,7,8
363,363,363,0,17,11,102,No,To go to CCA sessions,1,5,No,UTown,IT / CLB,D1,Sunny,30,3,9,4,8,8,8,8
364,364,364,0,18,11,21,No,To go to class,1,10,No,IT / CLB,UTown,D1,Sunny,30,4,7,6,5,5,7,7
365,365,365,0,30,11,12,No,To go to CCA sessions,1,5,No,IT / CLB,PGP,A1,Sunny,2,8,4,1,10,10,10,10
366,366,366,0,19,11,103,No,To go to CCA sessions,1,5,No,LT27 / S17,LT13 / Ventus,A1,Sunny,40,5,6,7,6,7,10,8
367,367,367,3,32,11,104,No,To go to class,3,5,No,BIZ2 / Opp HSSML,Kent Ridge MRT / Opp Kent Ridge MRT,A1,Rainy,15,5,9,4,9,8,8,9
368,368,368,0,3,11,105,No,To go to class,2,15,No,LT27 / S17,Kent Ridge MRT / Opp Kent Ridge MRT,D2,Sunny,15,5,7,7,8,7,10,8
369,369,369,1,8,11,106,No,To go to class,2,15,No,IT / CLB,Kent Ridge MRT / Opp Kent Ridge MRT,A1,Rainy,35,7,3,8,4,2,5,4
370,370,370,0,20,11,28,Yes,To go to class,3,60,No,LT27 / S17,UTown,D2,Sunny,40,4,4,8,4,5,5,6
371,371,371,2,14,11,2,No,To go to class,2,10,Yes,IT / CLB,Kent Ridge MRT / Opp Kent Ridge MRT,A2,Sunny,30,5,8,9,8,8,8,8
372,372,372,2,0,11,107,No,To go to MRT,2,10,No,LT27 / S17,Kent Ridge MRT / Opp Kent Ridge MRT,A1,Sunny,20,5,5,10,2,2,3,4
373,373,373,1,3,11,108,No,To go to class,2,10,Yes,LT27 / S17,Kent Ridge MRT / Opp Kent Ridge MRT,D2,Sunny,15,6,7,8,5,6,7,7
374,374,374,3,0,12,3,No,To go for meals,4,20,No,UTown,LT27 / S17,D2,Sunny,25,10,6,6,6,6,6,6
375,375,375,0,6,12,5,No,To go to class,1,10,No,UTown,Kent Ridge MRT / Opp Kent Ridge MRT,D2,Sunny,16,17,3,10,4,3,3,4
376,376,376,2,15,12,109,No,To go to class,2,22,No,IT / CLB,Kent Ridge MRT / Opp Kent Ridge MRT,A2,Sunny,30,5,6,8,8,7,7,7
377,377,377,1,3,12,3,No,To go to class,2,6,Yes,LT27 / S17,Kent Ridge MRT / Opp Kent Ridge MRT,A2,Rainy,20,6,4,6,5,7,7,7
378,378,378,2,16,12,94,No,To go to class,3,15,No,LT27 / S17,Kent Ridge MRT / Opp Kent Ridge MRT,D2,Rainy,6,6,8,3,8,8,8,8
379,379,379,2,21,12,21,No,To go to class,4,20,No,IT / CLB,Kent Ridge MRT / Opp Kent Ridge MRT,A2,Sunny,60,15,1,10,1,1,3,2
380,380,380,3,22,12,64,No,To go to class,3,30,Yes,LT27 / S17,Kent Ridge MRT / Opp Kent Ridge MRT,D2,Sunny,10,6,6,3,10,10,10,9
381,381,381,1,23,12,110,No,To go to class,2,7,No,IT / CLB,Kent Ridge MRT / Opp Kent Ridge MRT,A2,Sunny,35,4,8,10,1,1,3,1
382,382,382,2,9,12,10,No,To go to class,3,15,Yes,UHC / Opp UHC,Kent Ridge MRT / Opp Kent Ridge MRT,A2,Sunny,10,5,8,5,6,6,9,8
383,383,383,1,0,12,111,No,To go to class,3,30,No,LT13 / Ventus,Kent Ridge MRT / Opp Kent Ridge MRT,A1,Sunny,20,5,7,6,5,7,8,6
384,384,384,1,24,12,97,No,To go to class,1,5,Yes,LT27 / S17,Kent Ridge MRT / Opp Kent Ridge MRT,A2,Sunny,5,2,5,5,5,5,10,5
385,385,385,2,25,12,49,No,To go to class,2,12,No,LT27 / S17,IT / CLB,A1,Sunny,8,4,9,7,8,9,9,10
386,386,386,0,1,12,49,No,To go to class,4,40,Yes,Kent Ridge MRT / Opp Kent Ridge MRT,LT27 / S17,A1,Sunny,70,5,9,10,2,4,7,5
387,387,387,1,0,13,8,No,To go to class,2,40,No,COM3,LT27 / S17,D2,Sunny,20,6,5,7,9,8,9,9
388,388,388,1,0,13,27,No,To go to class,4,40,Yes,COM3,LT27 / S17,D2,Sunny,30,10,3,7,5,7,8,6
389,389,389,1,3,13,112,No,To go for meals,0,15,Yes,LT27 / S17,Kent Ridge MRT / Opp Kent Ridge MRT,D2,Sunny,15,5,8,3,9,8,8,7
390,390,390,2,9,13,99,No,To go to MRT,2,5,Yes,Kent Ridge MRT / Opp Kent Ridge MRT,LT27 / S17,A1,Sunny,8,2,9,9,9,9,9,9
391,391,391,1,0,13,21,No,To go to class,2,30,Yes,LT27 / S17,UHC / Opp UHC,A1,Rainy,40,5,6,5,5,5,8,8
392,392,392,1,0,13,113,No,To go to class,4,25,Yes,UHC / Opp UHC,Kent Ridge MRT / Opp Kent Ridge MRT,D2,Sunny,50,15,4,9,3,4,7,4
393,393,393,0,13,13,8,Yes,To go to class,2,5,Yes,UHC / Opp UHC,Kent Ridge MRT / Opp Kent Ridge MRT,D2,Sunny,30,15,2,9,3,4,4,4
394,347,347,0,0,13,15,No,To go to class,1,10,Yes,UHC / Opp UHC,Kent Ridge MRT / Opp Kent Ridge MRT,D2,Sunny,20,15,2,9,3,3,4,2
395,394,394,1,19,13,67,No,To go to class,2,35,Yes,UHC / Opp UHC,Kent Ridge MRT / Opp Kent Ridge MRT,A2,Sunny,25,2,6,9,6,6,7,6
396,395,395,1,0,14,9,No,To go to class,3,30,No,LT13 / Ventus,LT27 / S17,A1,Rainy,5,2,8,7,5,6,8,6
397,396,396,2,14,14,28,No,To go to class,2,10,No,UTown,IT / CLB,D1,Rainy,32,15,6,8,7,5,7,6
398,397,397,2,14,14,114,No,To go to CCA sessions,4,12,No,PGP,LT13 / Ventus,A2,Sunny,15,12,5,6,5,7,6,7
399,398,398,0,13,14,20,Yes,To go to class,4,10,No,IT / CLB,Kent Ridge MRT / Opp Kent Ridge MRT,A2,Sunny,10,3,6,7,5,4,5,4
400,399,399,0,0,14,115,No,To go to class,1,10,No,IT / CLB,Kent Ridge MRT / Opp Kent Ridge MRT,A2,Sunny,10,5,6,4,5,6,6,6
401,400,400,1,0,15,15,No,To go to class,4,50,Yes,UHC / Opp UHC,Kent Ridge MRT / Opp Kent Ridge MRT,D2,Sunny,60,30,2,10,2,1,3,1
402,401,401,1,0,15,31,No,To go to class,4,20,No,LT13 / Ventus,LT27 / S17,A1,Sunny,15,3,7,8,3,6,7,6
403,402,402,1,0,15,15,No,To go to class,4,10,Yes,UHC / Opp UHC,IT / CLB,A2,Sunny,20,6,5,9,4,5,8,6
404,403,403,0,26,15,77,Yes,To go to class,2,20,No,IT / CLB,UTown,D1,Sunny,6,8,9,2,8,8,10,9
405,404,404,1,27,15,8,No,To go to class,3,30,Yes,UHC / Opp UHC,LT27 / S17,D2,Sunny,20,6,7,7,7,7,7,7
406,405,405,0,11,15,13,No,To go to class,4,12,No,LT27 / S17,Kent Ridge MRT / Opp Kent Ridge MRT,D2,Sunny,5,5,8,8,8,8,8,9
407,406,406,0,10,15,79,No,To go to class,3,20,No,IT / CLB,LT27 / S17,A2,Sunny,60,7,3,10,1,1,10,3
408,407,407,3,9,15,116,No,To go to class,2,25,No,UTown,Kent Ridge MRT / Opp Kent Ridge MRT,D2,Sunny,40,5,6,7,5,6,7,6
409,408,408,3,3,15,96,No,To go to class,4,20,No,LT27 / S17,Kent Ridge MRT / Opp Kent Ridge MRT,A1,Sunny,30,3,6,9,6,5,6,5
410,409,409,1,0,15,3,No,To go to class,4,30,No,COM3,LT27 / S17,D2,Sunny,25,10,3,7,5,7,8,6
411,410,410,1,11,15,78,No,To go to class,6,30,Yes,Kent Ridge MRT / Opp Kent Ridge MRT,LT27 / S17,A1,Sunny,35,2,6,6,8,6,8,6
412,411,411,0,3,15,117,Yes,To go to class,2,10,Yes,LT27 / S17,UTown,D2,Sunny,10,5,7,5,6,6,6,6
413,412,412,3,28,15,118,No,To go to class,2,5,Yes,UHC / Opp UHC,UTown,D2,Sunny,15,5,7,6,6,5,7,7
414,413,413,0,10,15,60,Yes,To go to MRT,2,10,Yes,Kent Ridge MRT / Opp Kent Ridge MRT,UTown,D2,Sunny,15,8,6,6,6,6,6,6
415,414,414,3,12,15,2,No,To go to class,5,60,No,PGP,Kent Ridge MRT / Opp Kent Ridge MRT,A1,Sunny,40,15,3,10,2,3,5,4
416,415,415,1,5,15,119,No,To go to class,2,30,No,UHC / Opp UHC,Kent Ridge MRT / Opp Kent Ridge MRT,D2,Sunny,10,3,9,7,5,8,8,9
417,416,416,3,5,15,22,No,To go to class,2,10,No,LT27 / S17,Kent Ridge MRT / Opp Kent Ridge MRT,A2,Sunny,30,20,1,8,2,4,7,1
418,417,417,1,6,15,94,Yes,To go to class,2,40,No,LT27 / S17,LT13 / Ventus,A1,Sunny,30,3,9,10,4,8,10,7
419,418,418,2,28,16,120,No,To go to class,1,10,No,Kent Ridge MRT / Opp Kent Ridge MRT,UTown,D2,Sunny,30,6,4,9,4,3,4,4
420,419,419,1,0,16,6,No,To go to MRT,4,40,Yes,UHC / Opp UHC,IT / CLB,A1,Sunny,50,4,7,9,2,3,7,4
421,420,420,1,0,16,94,No,To go to class,4,35,Yes,PGP,Kent Ridge MRT / Opp Kent Ridge MRT,A1,Sunny,15,6,5,8,3,4,8,6
422,421,421,3,29,16,121,Yes,To go to class,4,6,No,IT / CLB,UHC / Opp UHC,A1,Sunny,12,6,6,7,4,8,9,7
423,422,422,2,19,16,122,No,To go to class,2,8,No,LT13 / Ventus,COM3,D1,Sunny,10,10,3,4,7,6,6,6
424,423,423,3,3,16,123,No,To go to class,2,10,Yes,UHC / Opp UHC,Kent Ridge MRT / Opp Kent Ridge MRT,D2,Rainy,10,3,2,6,5,6,5,6
425,424,424,0,28,16,40,Yes,To go for meals,2,8,No,LT27 / S17,UTown,D2,Sunny,15,6,7,7,6,6,6,6
426,425,425,0,28,16,124,No,To go to class,2,10,Yes,IT / CLB,UTown,D1,Sunny,8,7,4,7,6,7,4,4
427,426,426,3,10,16,125,No,To go to class,2,20,Yes,COM3,IT / CLB,D1,Sunny,5,5,8,4,8,8,8,8
428,427,427,1,12,16,13,No,To go to class,3,30,No,UTown,PGP,D2,Sunny,25,10,6,8,6,6,7,4
429,428,428,2,5,16,22,No,To go to class,3,15,No,UTown,Kent Ridge MRT / Opp Kent Ridge MRT,D2,Sunny,20,10,8,7,4,4,5,6
430,429,429,3,6,16,20,Yes,To go to class,2,30,Yes,LT27 / S17,UHC / Opp UHC,D2,Sunny,20,5,10,7,7,8,9,7
431,430,430,3,1,16,19,Yes,To go to class,4,50,Yes,UHC / Opp UHC,IT / CLB,A1,Sunny,25,2,10,10,3,4,9,6
432,431,431,1,0,17,12,No,To go to class,2,25,No,LT13 / Ventus,Kent Ridge MRT / Opp Kent Ridge MRT,A1,Rainy,30,5,6,7,4,6,7,6
433,432,432,1,10,17,77,Yes,To go to class,4,15,Yes,LT13 / Ventus,LT27 / S17,A1,Sunny,10,5,9,2,10,10,10,10
434,433,433,1,14,17,54,Yes,To go to CCA sessions,2,10,No,IT / CLB,UHC / Opp UHC,A2,Sunny,25,8,4,9,5,4,4,4
435,434,434,0,19,17,126,No,To go for meals,4,15,No,LT27 / S17,UHC / Opp UHC,A1,Sunny,20,10,3,7,4,4,4,4
436,435,435,1,3,17,17,Yes,To go to MRT,1,8,No,Kent Ridge MRT / Opp Kent Ridge MRT,UTown,D2,Sunny,30,15,1,10,2,2,1,2
437,436,436,1,28,17,68,No,To go to CCA sessions,2,10,No,BIZ2 / Opp HSSML,PGP,A1,Sunny,12,8,4,6,5,5,4,5
438,437,437,1,10,17,10,No,To go to CCA sessions,3,15,No,LT13 / Ventus,UTown,D1,Sunny,12,7,5,6,4,4,4,4
439,438,438,1,12,17,21,No,To go to MRT,4,30,No,UTown,Kent Ridge MRT / Opp Kent Ridge MRT,D2,Sunny,50,15,2,8,1,5,4,1
440,439,439,1,17,17,5,Yes,"To go to in-school accommodation (halls, RCs, houses etc.)",2,20,No,LT13 / Ventus,PGP,A1,Sunny,10,5,8,2,9,9,9,9
441,440,440,0,5,17,109,No,To go to class,3,20,No,IT / CLB,LT27 / S17,A2,Sunny,30,15,4,10,1,1,3,1
442,441,441,0,6,17,44,No,To go to class,2,30,Yes,UHC / Opp UHC,LT27 / S17,D2,Rainy,70,10,4,10,1,4,7,4
443,442,442,1,0,18,3,No,To go to class,4,40,No,COM3,UTown,D1,Sunny,30,3,8,7,6,8,8,7
444,443,443,2,13,18,14,Yes,To go for meals,2,2,No,IT / CLB,Kent Ridge MRT / Opp Kent Ridge MRT,A2,Sunny,10,1,9,2,8,9,9,9
445,444,444,3,7,18,115,Yes,To go to class,3,15,No,UTown,UHC / Opp UHC,D2,Sunny,25,5,6,6,5,6,7,7
446,445,445,3,19,18,127,No,To go to class,2,40,No,COM3,Kent Ridge MRT / Opp Kent Ridge MRT,D2,Sunny,5,5,7,3,8,7,7,7
447,446,446,2,3,18,111,No,To go for meals,4,20,No,PGP,LT27 / S17,A1,Sunny,9,5,9,3,7,7,7,7
448,447,447,2,28,18,111,No,To go to MRT,2,15,No,Kent Ridge MRT / Opp Kent Ridge MRT,PGP,D2,Sunny,8,7,5,5,5,5,5,5
449,448,448,2,10,18,77,No,To go to class,2,10,No,IT / CLB,COM3,D1,Sunny,15,5,5,5,5,5,5,5
450,449,449,3,9,18,2,No,To go to class,3,30,No,LT13 / Ventus,PGP,A1,Rainy,35,9,3,8,3,5,7,4
451,450,450,2,17,18,128,No,To go to class,4,45,No,IT / CLB,Kent Ridge MRT / Opp Kent Ridge MRT,A2,Sunny,30,15,2,9,3,6,6,4
452,451,451,2,17,18,109,No,To go to class,3,30,No,IT / CLB,Kent Ridge MRT / Opp Kent Ridge MRT,A2,Sunny,25,15,4,7,4,6,9,6
453,452,452,3,5,18,21,No,To go to class,3,15,No,LT27 / S17,Kent Ridge MRT / Opp Kent Ridge MRT,A2,Sunny,30,15,2,10,1,6,6,2
454,453,453,3,2,19,20,Yes,To go to class,2,10,No,IT / CLB,UHC / Opp UHC,A2,Rainy,20,3,9,9,5,4,9,7
455,454,454,3,0,19,129,Yes,To go to class,2,10,No,LT27 / S17,UTown,D2,Sunny,10,6,7,7,6,6,6,6
456,455,455,3,9,19,130,Yes,"To go to in-school accommodation (halls, RCs, houses etc.)",1,10,No,UTown,UHC / Opp UHC,D2,Sunny,14,1,10,8,3,2,9,6
457,456,456,3,28,19,77,Yes,To go to class,2,10,No,LT27 / S17,UHC / Opp UHC,A1,Sunny,15,5,8,3,8,7,8,9
458,457,457,3,0,19,131,Yes,To go to class,2,30,No,COM3,Kent Ridge MRT / Opp Kent Ridge MRT,D2,Sunny,15,6,7,8,5,6,6,7
459,458,458,3,7,19,22,Yes,To go to class,2,10,No,IT / CLB,UHC / Opp UHC,A2,Sunny,30,7,5,7,6,4,5,6
460,459,459,1,0,19,22,No,To go to class,3,35,No,LT13 / Ventus,Kent Ridge MRT / Opp Kent Ridge MRT,A1,Sunny,30,5,6,7,6,7,8,7
461,460,460,3,19,19,132,Yes,To go to CCA sessions,2,12,No,UHC / Opp UHC,UTown,D2,Rainy,6,5,7,5,7,7,7,7
462,461,461,3,18,19,10,Yes,"To go to in-school accommodation (halls, RCs, houses etc.)",2,15,No,UTown,PGP,D2,Sunny,30,5,6,8,5,6,7,6
463,462,462,1,30,19,23,No,To go to class,4,40,No,Kent Ridge MRT / Opp Kent Ridge MRT,LT13 / Ventus,A2,Rainy,25,4,6,8,3,5,7,6
464,463,463,3,17,19,133,No,To go to class,3,25,No,LT13 / Ventus,Kent Ridge MRT / Opp Kent Ridge MRT,A1,Sunny,15,5,7,5,8,8,8,8
465,464,464,1,6,19,110,No,To go to class,2,25,Yes,LT27 / S17,Kent Ridge MRT / Opp Kent Ridge MRT,A2,Sunny,20,4,7,9,3,6,10,6
466,465,465,3,0,20,134,Yes,To go to class,3,10,No,UHC / Opp UHC,Kent Ridge MRT / Opp Kent Ridge MRT,A2,Rainy,1,3,8,9,7,4,7,8
467,466,466,3,8,20,100,Yes,To go to class,2,10,No,Kent Ridge MRT / Opp Kent Ridge MRT,UHC / Opp UHC,D2,Rainy,20,15,5,5,9,9,10,9
468,467,467,1,0,21,67,No,To go to MRT,3,30,No,LT27 / S17,UTown,D2,Sunny,25,5,6,7,4,6,7,6
469,468,468,1,0,21,100,No,To go to class,3,25,No,UTown,Kent Ridge MRT / Opp Kent Ridge MRT,D2,Sunny,40,8,5,7,4,6,7,5
470,469,469,3,19,21,118,Yes,To go to class,2,10,No,UHC / Opp UHC,UTown,D2,Rainy,15,7,6,5,6,6,6,6
471,470,470,1,25,21,10,Yes,To go to class,2,20,No,COM3,Kent Ridge MRT / Opp Kent Ridge MRT,D2,Rainy,10,5,5,7,4,4,5,6
472,471,471,2,24,21,30,No,To go to CCA sessions,3,15,No,IT / CLB,Kent Ridge MRT / Opp Kent Ridge MRT,A2,Rainy,6,10,3,6,5,7,8,6
473,472,472,3,3,21,104,No,To go to class,2,10,No,IT / CLB,UHC / Opp UHC,A2,Sunny,15,6,3,8,4,3,5,4
474,473,473,3,18,21,12,No,To go to class,2,25,No,UTown,Kent Ridge MRT / Opp Kent Ridge MRT,D2,Rainy,35,6,5,8,3,6,7,6
475,474,474,3,30,21,3,No,To go to CCA sessions,2,30,No,LT13 / Ventus,UTown,D1,Sunny,40,5,6,9,3,5,6,5
476,475,475,2,9,21,10,No,To go to class,4,40,No,UTown,LT27 / S17,D2,Rainy,30,5,5,8,3,5,7,6
477,476,476,0,12,21,135,No,To go to class,3,30,No,UHC / Opp UHC,LT27 / S17,D2,Rainy,15,15,2,7,5,5,6,6
478,477,477,3,17,21,115,No,To go to class,2,30,No,IT / CLB,Kent Ridge MRT / Opp Kent Ridge MRT,A2,Sunny,30,20,2,9,3,6,8,5
479,478,478,0,6,21,2,No,To go to class,2,20,No,IT / CLB,Kent Ridge MRT / Opp Kent Ridge MRT,A2,Sunny,40,8,6,10,2,5,9,7
480,479,479,0,1,21,14,No,To go to class,3,40,No,IT / CLB,LT27 / S17,A2,Rainy,20,4,10,7,9,10,10,9
481,480,480,2,19,22,20,No,To go to class,2,5,Yes,UHC / Opp UHC,Kent Ridge MRT / Opp Kent Ridge MRT,D2,Sunny,30,5,5,7,4,5,5,5
482,481,481,1,0,22,2,No,To go to class,3,30,No,LT13 / Ventus,Kent Ridge MRT / Opp Kent Ridge MRT,A1,Sunny,40,7,4,9,3,6,8,6
483,482,482,1,18,22,3,No,To go to class,3,30,No,IT / CLB,UTown,D1,Sunny,30,7,3,8,3,6,7,6
484,483,483,3,30,22,3,No,To go to class,3,35,No,LT13 / Ventus,PGP,A1,Sunny,25,5,6,8,3,6,7,6
485,484,484,1,30,22,12,No,To go to MRT,2,25,No,UTown,Kent Ridge MRT / Opp Kent Ridge MRT,D2,Rainy,40,5,6,8,4,6,7,6
486,485,485,3,17,22,93,No,To go to MRT,3,30,No,LT13 / Ventus,Kent Ridge MRT / Opp Kent Ridge MRT,A1,Sunny,30,10,7,8,4,8,9,7
487,486,486,1,11,23,36,No,To go to class,2,20,No,LT13 / Ventus,Kent Ridge MRT / Opp Kent Ridge MRT,A1,Sunny,5,5,8,9,8,8,10,8
488,487,487,0,18,23,12,No,To go to class,2,20,No,IT / CLB,Kent Ridge MRT / Opp Kent Ridge MRT,A2,Sunny,20,5,6,8,4,7,8,6
489,488,488,0,30,23,3,No,To go to class,3,35,No,LT13 / Ventus,Kent Ridge MRT / Opp Kent Ridge MRT,A1,Rainy,30,6,4,7,4,6,8,5
490,489,489,1,9,23,2,No,To go to class,2,20,No,LT13 / Ventus,Kent Ridge MRT / Opp Kent Ridge MRT,A1,Rainy,20,5,7,6,6,7,8,7
491,490,490,0,18,24,3,No,To go to class,3,30,No,IT / CLB,UTown,D1,Sunny,30,5,5,8,4,6,8,6
492,491,491,1,30,24,2,No,To go to class,2,20,No,LT27 / S17,Kent Ridge MRT / Opp Kent Ridge MRT,A2,Rainy,25,4,7,7,5,6,7,6
493,492,492,0,9,24,12,No,To go to class,3,25,No,LT13 / Ventus,UTown,D1,Rainy,20,5,6,7,5,6,7,6
494,493,493,2,9,24,2,No,To go to class,2,30,No,LT13 / Ventus,Kent Ridge MRT / Opp Kent Ridge MRT,A1,Rainy,25,5,6,7,5,6,8,6
495,494,494,3,12,24,136,No,To go to class,4,30,No,UTown,Kent Ridge MRT / Opp Kent Ridge MRT,D2,Sunny,45,15,1,10,1,2,4,1
496,495,495,0,6,24,67,Yes,To go to class,3,40,No,LT27 / S17,PGP,D2,Sunny,40,6,5,10,4,7,10,8
497,496,496,1,18,25,12,No,To go to MRT,2,30,No,UTown,Kent Ridge MRT / Opp Kent Ridge MRT,D2,Sunny,30,5,6,7,4,6,8,7
498,497,497,2,9,25,3,Yes,"To go to in-school accommodation (halls, RCs, houses etc.)",3,30,No,LT13 / Ventus,UTown,D1,Rainy,30,9,3,9,3,5,7,5
499,498,498,1,12,25,137,No,To go to class,3,20,No,UTown,PGP,D2,Sunny,10,7,7,3,7,7,9,8
500,499,499,1,5,25,68,No,To go to MRT,4,30,No,IT / CLB,Kent Ridge MRT / Opp Kent Ridge MRT,A2,Sunny,40,20,1,10,1,1,1,1
501,500,500,3,25,22,2,No,To go to MRT,3,20,No,COM3,Kent Ridge MRT / Opp Kent Ridge MRT,D2,Rainy,10,7,4,6,6,6,7,5
502,501,501,0,24,22,3,No,To go for meals,2,15,No,BIZ2 / Opp HSSML,IT / CLB,D1,Sunny,8,3,7,6,5,8,8,7
503,502,502,2,3,22,79,No,To go to CCA sessions,2,15,No,IT / CLB,Kent Ridge MRT / Opp Kent Ridge MRT,A2,Sunny,15,4,5,7,5,5,6,6
504,503,503,0,14,24,77,No,To go to class,2,20,No,BIZ2 / Opp HSSML,Kent Ridge MRT / Opp Kent Ridge MRT,A2,Rainy,25,15,7,7,7,7,7,7
505,504,504,0,14,25,77,No,To go to MRT,2,20,No,BIZ2 / Opp HSSML,Kent Ridge MRT / Opp Kent Ridge MRT,A2,Rainy,20,15,7,7,7,7,7,7
506,505,505,2,14,21,13,No,To go to class,1,10,No,BIZ2 / Opp HSSML,Kent Ridge MRT / Opp Kent Ridge MRT,A2,Sunny,5,5,10,5,9,10,10,10
507,506,506,2,14,22,94,No,To go to class,2,10,No,BIZ2 / Opp HSSML,Kent Ridge MRT / Opp Kent Ridge MRT,A2,Sunny,5,3,10,1,10,10,10,10
508,507,507,0,13,23,68,Yes,"To go to in-school accommodation (halls, RCs, houses etc.)",2,15,No,PGP,UTown,D2,Sunny,30,20,1,10,1,1,1,1
509,508,508,3,13,23,98,Yes,"To go to in-school accommodation (halls, RCs, houses etc.)",2,15,No,PGP,UTown,D2,Rainy,35,25,1,10,1,1,1,1
510,509,509,1,1,19,138,No,To go to class,3,40,Yes,LT27 / S17,UHC / Opp UHC,A1,Sunny,20,6,6,9,5,8,10,8
511,510,510,2,1,24,5,No,To go to class,2,20,No,LT27 / S17,Kent Ridge MRT / Opp Kent Ridge MRT,A2,Sunny,15,5,7,6,9,9,10,9
512,511,511,0,11,15,64,Yes,To go to class,4,45,Yes,UHC / Opp UHC,LT27 / S17,D2,Sunny,50,7,5,10,6,6,9,7
513,512,512,0,2,21,22,Yes,To go to class,2,15,No,COM3,UTown,D1,Sunny,25,15,6,7,6,6,6,6
514,513,513,0,2,22,87,Yes,To go to class,2,15,No,COM3,UTown,D1,Sunny,29,19,3,8,3,3,3,3
515,514,514,0,11,22,8,No,To go to class,4,40,No,LT27 / S17,IT / CLB,A1,Rainy,25,4,9,10,7,7,9,8
516,515,515,3,11,12,139,Yes,To go to class,5,40,Yes,IT / CLB,PGP,A2,Sunny,20,6,7,7,8,9,10,8
517,516,516,1,11,24,109,No,To go to class,2,25,No,LT27 / S17,Kent Ridge MRT / Opp Kent Ridge MRT,A2,Sunny,20,6,6,7,8,9,10,8
518,517,517,1,0,24,94,No,To go to class,3,30,No,LT13 / Ventus,LT27 / S17,A1,Sunny,10,7,4,7,6,6,7,6
519,518,518,1,0,23,12,No,To go to class,2,25,No,LT13 / Ventus,Kent Ridge MRT / Opp Kent Ridge MRT,A1,Rainy,30,5,6,8,4,6,8,6
520,519,519,0,2,22,3,Yes,To go for meals,4,45,No,UTown,PGP,D2,Sunny,20,10,7,8,7,7,7,8
521,520,520,3,7,16,68,Yes,To go for meals,4,35,No,IT / CLB,UHC / Opp UHC,A1,Rainy,45,25,2,10,2,3,3,3
522,521,521,2,7,18,22,No,To go to class,4,30,No,BIZ2 / Opp HSSML,Kent Ridge MRT / Opp Kent Ridge MRT,A2,Sunny,25,15,5,10,5,6,6,6
523,522,522,2,7,18,140,No,"To go to in-school accommodation (halls, RCs, houses etc.)",2,37,No,PGP,Kent Ridge MRT / Opp Kent Ridge MRT,A2,Sunny,3,15,5,1,10,10,10,10
524,523,523,2,11,19,93,No,To go to class,3,30,No,LT27 / S17,Kent Ridge MRT / Opp Kent Ridge MRT,D2,Sunny,20,3,8,10,5,7,9,7
525,524,524,3,11,24,32,Yes,To go to class,5,40,No,LT27 / S17,UTown,D2,Rainy,15,6,6,5,8,9,10,9
526,525,525,0,15,21,141,Yes,To go to class,4,40,No,LT13 / Ventus,LT27 / S17,A1,Sunny,20,3,9,10,8,10,9,8
527,526,526,3,24,23,72,No,To go to class,3,20,No,LT27 / S17,IT / CLB,A1,Sunny,20,3,8,8,6,4,4,5
528,527,527,2,15,22,119,No,To go to class,2,40,No,LT13 / Ventus,Kent Ridge MRT / Opp Kent Ridge MRT,A1,Rainy,35,5,7,10,6,6,8,7
529,528,528,3,15,23,19,Yes,To go to class,4,50,Yes,UHC / Opp UHC,IT / CLB,A1,Rainy,15,5,7,9,4,7,10,8
530,529,529,0,25,23,30,No,To go to CCA sessions,2,15,No,UTown,Kent Ridge MRT / Opp Kent Ridge MRT,D2,Sunny,15,5,5,3,8,8,9,8
531,530,530,1,3,23,54,Yes,To go to class,3,30,No,LT27 / S17,IT / CLB,A1,Sunny,15,3,5,6,6,7,7,7
532,531,531,0,15,24,93,Yes,To go to class,5,40,No,LT13 / Ventus,UTown,D1,Sunny,35,3,8,9,7,6,9,8
533,532,532,2,25,24,142,No,To go for meals,2,20,No,IT / CLB,Kent Ridge MRT / Opp Kent Ridge MRT,A2,Sunny,30,5,4,9,2,3,4,9
534,533,533,1,15,25,5,No,To go to class,3,30,No,IT / CLB,Kent Ridge MRT / Opp Kent Ridge MRT,A2,Sunny,20,7,7,7,9,8,10,7
535,534,534,1,24,24,143,No,To go to MRT,2,15,No,LT13 / Ventus,Kent Ridge MRT / Opp Kent Ridge MRT,A1,Sunny,5,5,4,4,7,8,6,6
536,535,535,3,3,24,144,No,To go for meals,3,30,No,IT / CLB,Kent Ridge MRT / Opp Kent Ridge MRT,A2,Sunny,15,5,4,5,7,7,8,7
537,536,536,1,15,21,67,No,To go to class,2,25,Yes,IT / CLB,Kent Ridge MRT / Opp Kent Ridge MRT,A2,Sunny,30,2,9,10,6,7,10,6
538,297,297,2,25,25,39,No,To go to class,3,30,No,Kent Ridge MRT / Opp Kent Ridge MRT,IT / CLB,A1,Sunny,30,4,4,7,3,4,6,5
539,537,537,2,24,25,2,No,To go to class,2,15,No,LT27 / S17,Kent Ridge MRT / Opp Kent Ridge MRT,A2,Sunny,10,4,5,4,7,8,8,8
540,538,538,0,3,25,54,Yes,"To go to in-school accommodation (halls, RCs, houses etc.)",3,30,No,LT27 / S17,IT / CLB,A1,Sunny,15,3,8,7,4,4,8,7
541,539,539,1,25,21,94,No,To go to class,3,30,No,LT27 / S17,Kent Ridge MRT / Opp Kent Ridge MRT,A2,Rainy,20,5,3,8,4,5,6,6
542,540,540,3,24,23,5,Yes,To go to class,2,20,No,COM3,LT27 / S17,D2,Sunny,20,4,4,7,6,5,7,6
543,541,541,2,3,25,67,No,To go to MRT,2,15,No,IT / CLB,Kent Ridge MRT / Opp Kent Ridge MRT,A2,Sunny,30,7,2,9,2,3,3,2
544,542,542,1,31,21,2,No,To go to class,2,15,No,IT / CLB,Kent Ridge MRT / Opp Kent Ridge MRT,A2,Sunny,20,15,2,8,2,3,4,4
545,543,543,1,31,22,87,No,To go to class,2,40,No,LT13 / Ventus,UHC / Opp UHC,A2,Sunny,30,20,1,9,2,4,6,3
546,544,544,1,31,24,95,No,To go to class,3,40,No,LT13 / Ventus,Kent Ridge MRT / Opp Kent Ridge MRT,A2,Sunny,20,20,4,9,3,3,4,4
547,545,545,1,31,26,87,No,To go to class,2,40,No,LT13 / Ventus,UHC / Opp UHC,A2,Sunny,30,25,1,10,1,1,3,1
548,546,546,1,31,18,95,No,To go to class,2,50,No,LT13 / Ventus,Kent Ridge MRT / Opp Kent Ridge MRT,A2,Sunny,20,15,3,9,1,4,6,3
549,547,547,0,21,27,35,No,To go to class,2,35,No,IT / CLB,UTown,D1,Sunny,10,5,7,4,7,7,7,7
550,548,548,2,21,22,104,No,To go to class,2,35,No,UTown,Kent Ridge MRT / Opp Kent Ridge MRT,D2,Sunny,25,16,4,7,3,4,5,4
551,549,549,2,21,23,28,No,To go to class,2,35,No,UTown,Kent Ridge MRT / Opp Kent Ridge MRT,D2,Sunny,25,18,4,8,2,3,4,3
552,550,550,2,21,27,8,No,To go to class,2,35,No,LT13 / Ventus,Kent Ridge MRT / Opp Kent Ridge MRT,A2,Sunny,10,10,7,6,6,7,6,6
553,551,551,0,21,25,119,No,To go to class,4,45,No,LT13 / Ventus,Kent Ridge MRT / Opp Kent Ridge MRT,A2,Sunny,25,18,2,9,2,2,4,3
554,552,552,0,21,27,28,No,To go to class,3,45,No,LT13 / Ventus,Kent Ridge MRT / Opp Kent Ridge MRT,A2,Sunny,35,20,3,9,2,3,3,3
555,553,553,3,21,28,19,No,To go to class,3,40,No,LT13 / Ventus,UTown,D1,Sunny,20,15,3,8,3,3,3,4
556,554,554,3,21,23,22,No,To go to class,3,40,No,UTown,Kent Ridge MRT / Opp Kent Ridge MRT,D2,Sunny,25,20,2,8,2,2,2,2
557,555,555,3,27,21,91,No,To go to class,3,30,No,COM3,IT / CLB,D1,Rainy,15,4,5,6,5,5,6,5
558,556,556,2,27,22,66,Yes,"To go to in-school accommodation (halls, RCs, houses etc.)",2,15,No,COM3,UTown,D1,Sunny,15,3,6,7,5,6,7,6
559,557,557,0,27,23,5,No,To go to MRT,3,20,No,COM3,LT27 / S17,D2,Sunny,10,3,5,7,5,6,8,6
560,558,558,2,27,24,54,No,To go for meals,2,15,No,IT / CLB,UTown,D1,Sunny,20,2,8,5,5,7,7,6
561,559,559,3,27,25,10,Yes,To go to class,2,20,No,COM3,Kent Ridge MRT / Opp Kent Ridge MRT,D2,Sunny,15,5,4,7,6,5,7,6
562,560,560,1,27,23,84,No,To go to class,3,20,No,IT / CLB,LT27 / S17,A2,Rainy,15,4,5,7,5,6,7,6
563,561,561,0,26,24,10,No,To go to class,3,40,No,IT / CLB,UHC / Opp UHC,A2,Sunny,15,10,6,7,3,4,4,4
564,562,562,0,26,15,93,No,To go to class,3,40,No,IT / CLB,Kent Ridge MRT / Opp Kent Ridge MRT,A2,Sunny,25,18,3,8,3,3,3,4
565,563,563,1,26,24,87,No,To go to class,3,45,No,IT / CLB,UHC / Opp UHC,A2,Sunny,35,20,2,9,2,2,2,1
566,564,564,2,26,24,87,No,To go to class,3,45,No,IT / CLB,Kent Ridge MRT / Opp Kent Ridge MRT,A1,Sunny,30,18,4,8,3,4,3,4
567,565,565,2,26,18,145,No,To go to class,3,30,No,IT / CLB,Kent Ridge MRT / Opp Kent Ridge MRT,A2,Sunny,15,10,6,6,5,6,4,6
568,566,566,0,26,15,146,No,To go to class,3,30,No,IT / CLB,Kent Ridge MRT / Opp Kent Ridge MRT,A2,Sunny,30,20,3,8,3,3,4,4
569,567,567,3,16,12,129,No,To go to class,2,12,No,IT / CLB,Kent Ridge MRT / Opp Kent Ridge MRT,A2,Sunny,30,10,5,9,5,5,5,5
570,568,568,3,16,14,84,No,To go to class,2,12,Yes,UHC / Opp UHC,LT27 / S17,D2,Sunny,30,15,5,10,3,5,7,4
571,569,569,3,16,15,77,No,To go to class,4,15,No,IT / CLB,UTown,D1,Sunny,15,5,8,7,7,7,7,7
572,570,570,1,16,16,6,No,To go to class,4,20,Yes,UHC / Opp UHC,IT / CLB,A1,Sunny,20,10,6,10,3,5,6,5
573,571,571,1,16,17,32,No,To go to class,4,20,No,IT / CLB,Kent Ridge MRT / Opp Kent Ridge MRT,A2,Sunny,20,5,7,8,6,7,8,6
574,572,572,0,16,18,141,Yes,To go to class,2,10,No,IT / CLB,UTown,D1,Sunny,20,5,7,7,6,7,7,7
575,573,573,0,8,19,109,Yes,To go to class,2,10,No,IT / CLB,UHC / Opp UHC,A2,Rainy,25,10,4,9,3,4,6,4
576,574,574,0,8,10,110,Yes,To go to class,2,10,No,IT / CLB,UTown,D1,Sunny,25,10,6,8,5,6,8,6
577,575,575,3,8,11,5,No,To go to class,2,15,Yes,UHC / Opp UHC,IT / CLB,A1,Sunny,30,15,3,8,5,5,7,5
578,576,576,3,8,12,77,No,To go to class,2,10,No,IT / CLB,Kent Ridge MRT / Opp Kent Ridge MRT,A2,Sunny,20,10,6,7,6,7,8,7
579,577,577,3,8,13,77,No,To go to class,2,10,No,IT / CLB,Kent Ridge MRT / Opp Kent Ridge MRT,A2,Sunny,15,5,8,6,7,7,7,7
580,578,578,1,22,14,36,Yes,To go to class,3,20,No,LT27 / S17,BIZ2 / Opp HSSML,A2,Sunny,15,5,8,6,8,7,8,7
581,579,579,1,22,15,6,Yes,To go to class,3,20,No,LT27 / S17,UTown,D2,Sunny,10,5,8,7,6,7,7,7
582,580,580,1,22,16,133,No,To go to class,4,20,Yes,UHC / Opp UHC,LT27 / S17,A2,Sunny,30,15,3,9,3,6,8,4
583,581,581,1,22,17,22,No,To go to class,4,20,No,COM3,LT27 / S17,D2,Rainy,10,5,8,5,8,7,8,7
584,582,582,2,22,18,39,No,To go to MRT,2,10,No,LT27 / S17,Kent Ridge MRT / Opp Kent Ridge MRT,A2,Sunny,15,5,8,7,6,7,8,6
585,583,583,2,22,19,27,No,To go to MRT,2,8,No,COM3,LT27 / S17,D2,Rainy,15,7,7,7,6,7,7,6
586,584,584,1,32,10,22,No,To go to class,2,30,No,BIZ2 / Opp HSSML,Kent Ridge MRT / Opp Kent Ridge MRT,A1,Sunny,30,15,3,10,1,4,4,3
587,585,585,3,32,11,22,No,To go to class,3,40,No,COM3,Kent Ridge MRT / Opp Kent Ridge MRT,D2,Sunny,20,15,2,8,3,4,1,1
588,586,586,3,32,13,10,No,To go to MRT,3,30,No,COM3,Kent Ridge MRT / Opp Kent Ridge MRT,D2,Sunny,30,20,1,10,1,1,5,1
589,587,587,0,29,27,136,No,To go to class,3,15,No,LT13 / Ventus,UTown,D1,Sunny,15,5,8,5,8,7,7,7
590,588,588,0,32,14,68,Yes,To go to class,2,20,No,BIZ2 / Opp HSSML,PGP,A1,Sunny,30,15,2,10,1,3,2,1
591,589,589,3,29,29,147,Yes,To go to class,3,20,No,COM3,UTown,D2,Sunny,10,7,5,5,5,6,6,6
592,590,590,0,20,10,54,Yes,To go to class,2,10,No,LT27 / S17,UTown,D2,Sunny,10,5,8,5,8,8,8,8
593,591,591,1,29,30,148,No,To go to CCA sessions,2,10,No,UHC / Opp UHC,PGP,D2,Sunny,10,5,9,5,9,9,9,9
594,592,592,0,20,11,28,Yes,To go to class,2,10,No,IT / CLB,UTown,D1,Sunny,20,5,8,6,7,7,8,7
595,593,593,2,29,31,149,No,To go for meals,4,20,No,UTown,UHC / Opp UHC,D2,Sunny,20,5,9,5,6,6,6,6
596,594,594,0,32,12,2,Yes,"To go to in-school accommodation (halls, RCs, houses etc.)",4,45,No,COM3,PGP,D2,Sunny,15,10,7,2,10,10,10,9
597,595,595,0,4,31,19,No,To go to class,3,35,No,COM3,Kent Ridge MRT / Opp Kent Ridge MRT,D2,Sunny,5,10,4,3,7,7,3,6
598,596,596,3,20,12,9,No,To go to class,4,20,Yes,UHC / Opp UHC,UTown,D2,Sunny,30,10,4,8,5,5,7,5
599,597,597,1,4,29,87,No,To go to CCA sessions,3,25,No,IT / CLB,UHC / Opp UHC,A2,Sunny,25,7,4,6,4,4,6,6
600,598,598,2,32,12,3,No,To go to class,3,30,No,BIZ2 / Opp HSSML,Kent Ridge MRT / Opp Kent Ridge MRT,A1,Sunny,15,8,5,5,7,6,8,6
601,599,599,1,20,13,94,No,To go to class,2,5,No,LT27 / S17,Kent Ridge MRT / Opp Kent Ridge MRT,A2,Sunny,10,3,9,4,9,8,8,9
602,600,600,2,20,14,104,No,To go to class,2,5,No,LT27 / S17,IT / CLB,A1,Sunny,15,5,7,6,6,7,7,7
603,601,601,2,4,32,17,No,To go to class,3,40,No,COM3,Kent Ridge MRT / Opp Kent Ridge MRT,D2,Sunny,15,8,6,6,5,6,6,6
604,602,602,3,4,29,87,No,To go to MRT,2,30,No,IT / CLB,Kent Ridge MRT / Opp Kent Ridge MRT,A2,Sunny,10,5,9,2,8,8,7,6
605,603,603,0,23,15,9,No,To go to class,2,20,No,UTown,IT / CLB,D1,Sunny,15,5,5,6,5,5,5,6
606,604,604,3,23,16,77,Yes,To go to class,3,30,No,LT27 / S17,COM3,D2,Sunny,10,3,6,6,7,8,8,6
607,605,605,2,23,17,129,No,To go to class,2,20,No,IT / CLB,UTown,D1,Sunny,10,5,4,6,6,6,7,5
608,606,606,2,23,18,32,No,To go to class,3,30,No,IT / CLB,Kent Ridge MRT / Opp Kent Ridge MRT,A2,Sunny,20,4,5,7,3,5,7,5
609,607,607,1,23,19,77,No,To go for meals,2,20,No,IT / CLB,Kent Ridge MRT / Opp Kent Ridge MRT,A2,Sunny,20,5,4,6,5,6,7,6
