Timestamp,What year of study are you in?,What major are you studying?,Do you stay on campus?,"In general, what is the main reason that you take the school bus?","On a normal school day, how many times do you take the school bus? Please enter a non-negative integer.","On a normal school day, how long do you spend riding the school bus in total (in minutes)? This does not include the time you spend waiting for the bus.",Please enter today's date.,Do you have an exam today?,Which bus stop did you board the bus from?,Which bus stop did you alight at?,Which bus did you take?,What time of day did this trip take place?,What was the weather like during your trip?,"When you were boarding the bus, approximately how many people were at the bus stop? Please enter a non-negative integer.",How long did you have to wait for the bus (in minutes)? Please account for missed buses.,"With regards to waiting time, how satisfied are you with the trip?","On a scale from 1 to 10, how crowded was the bus?","With regards to crowdedness, how satisfied are you with the trip?","On a scale from 1 to 10, how comfortable was the trip for you?","On a scale from 1 to 10, how safe was the trip for you?","On a scale from 1 to 10, how satisfied are you with the trip overall?",Which bus stop did you board the bus from?,Which bus stop did you alight at?,Which bus did you take?,What time of day did this trip take place?,What was the weather like during your trip?,"When you were boarding the bus, approximately how many people were at the bus stop? Please enter a non-negative integer.",How long did you have to wait for the bus (in minutes)? Please account for missed buses.,"With regards to waiting time, how satisfied are you with the trip?","On a scale from 1 to 10, how crowded was the bus?","With regards to crowdedness, how satisfied are you with the trip?","On a scale from 1 to 10, how comfortable was the trip for you?","On a scale from 1 to 10, how safe was the trip for you?","On a scale from 1 to 10, how satisfied are you with the trip overall?",Are there any other factors that influence how satisfied you are with the NUS bus system?
9/26/2024 15:49:00,Year 1,DSA,No,To go to class,2,5,9/16/2024,No,Kent Ridge MRT / Opp Kent Ridge MRT,LT27 / S17,A1,8:50:00 am,Sunny,20,6,7,9,7,7,9,8,LT27 / S17,Kent Ridge MRT / Opp Kent Ridge MRT,A2,12:00:00 pm,Sunny,14,3,8,3,8,9,9,9,"The fact that tourists are allowed to squeeze in before students take their bus is unfair for me. This day was fine, but a few times I missed my bus to classes because they took up space with their luggage and items. Aside from that, still relatively good. "
9/26/2024 16:21:14,Year 3,DSA,No,To go to class,3,30,9/16/2024,No,Kent Ridge MRT / Opp Kent Ridge MRT,LT13 / Ventus,A2,9:30:00 am,Sunny,10,5,7,8,4,4,8,6,COM3,LT27 / S17,D2,2:30:00 pm,Sunny,15,8,5,6,7,7,7,8,The bus rides are quite choppy and it is very hard to maintain my balance
9/29/2024 17:57:09,Year 3,DSA,No,To go to class,3,40,9/16/2024,No,Kent Ridge MRT / Opp Kent Ridge MRT,UTown,A1,9:45:00 am,Sunny,30,15,3,9,2,5,8,6,UTown,LT27 / S17,D2,11:50:00 am,Sunny,40,20,3,9,2,3,4,4,seats
9/27/2024 7:35:26,Year 3,DSA,No,To go to MRT,4,30,9/17/2024,No,LT13 / Ventus,Kent Ridge MRT / Opp Kent Ridge MRT,A1,4:00:00 pm,Sunny,20,10,4,9,3,4,6,5,Kent Ridge MRT / Opp Kent Ridge MRT,LT13 / Ventus,A2,11:30:00 am,Sunny,15,8,6,7,3,6,7,6,Whether I can hold on to any grab poles or hand grips when the bus is moving
9/28/2024 11:04:34,Year 3,Data Science,Yes,To go to class,2,15,9/18/2024,No,Kent Ridge MRT / Opp Kent Ridge MRT,LT27 / S17,D1,9:45:00 am,Sunny,25,15,4,9,4,5,5,5,UHC / Opp UHC,UTown,D2,1:30:00 pm,Sunny,5,3,9,4,7,9,7,7,NIL
9/26/2024 18:41:01,Year 3,DSA,No,To go to MRT,2,25,9/19/2024,No,COM3,LT27 / S17,D2,2:00:00 pm,Sunny,15,5,6,6,6,7,8,7,Kent Ridge MRT / Opp Kent Ridge MRT,LT13 / Ventus,A2,11:30:00 am,Sunny,15,5,7,8,4,7,8,6,Friendliness of the bus driver
9/26/2024 21:40:09,Year 4,data science ,No,To go to class,2,5,9/19/2024,No,Kent Ridge MRT / Opp Kent Ridge MRT,LT27 / S17,A1,6:53:00 pm,Sunny,13,3,8,8,6,7,10,8,LT27 / S17,Kent Ridge MRT / Opp Kent Ridge MRT,A2,10:06:00 am,Sunny,7,7,8,4,9,9,10,9,if i can sit down
9/27/2024 15:46:55,Year 4,Environmental Studies,Yes,To go to class,4,30,9/19/2024,No,UTown,LT27 / S17,D2,3:30:00 am,Sunny,50,15,4,8,5,3,7,5,LT27 / S17,UTown,D2,5:40:00 am,Sunny,100,20,2,10,3,4,6,4,if the bus timing on the app is accurate
9/29/2024 23:29:44,Year 3,Computer Science,No,To go to class,1,10,9/19/2024,No,Kent Ridge MRT / Opp Kent Ridge MRT,BIZ2 / Opp HSSML,A2,1:45:00 pm,Sunny,7,5,8,10,5,4,7,5,Kent Ridge MRT / Opp Kent Ridge MRT,BIZ2 / Opp HSSML,A2,1:45:00 pm,Sunny,7,5,7,9,4,3,6,6,N/A
9/26/2024 15:31:53,Year 1,DSA,No,To go to class,2,7,9/20/2024,No,Kent Ridge MRT / Opp Kent Ridge MRT,IT / CLB,A1,7:50:00 am,Sunny,30,6,4,9,4,3,6,6,Kent Ridge MRT / Opp Kent Ridge MRT,UHC / Opp UHC,D2,6:00:00 pm,Sunny,10,3,9,3,9,8,8,9,Not really the buses themselves but the times shown on the nextbus app not accurate sometimes
9/26/2024 18:19:11,Year 2,life sciences,Yes,To go to class,4,40,9/20/2024,No,Kent Ridge MRT / Opp Kent Ridge MRT,LT27 / S17,A2,11:40:00 pm,Sunny,20,5,10,7,7,5,6,5,LT27 / S17,Kent Ridge MRT / Opp Kent Ridge MRT,D2,6:00:00 pm,Sunny,35,20,4,10,4,4,4,4,how many seats there are on the bus
9/27/2024 13:27:38,Year 3,Business,No,To go to MRT,2,30,9/20/2024,No,Kent Ridge MRT / Opp Kent Ridge MRT,BIZ2 / Opp HSSML,A2,11:30:00 am,Sunny,15,5,7,8,4,5,5,6,COM3,Kent Ridge MRT / Opp Kent Ridge MRT,D2,5:40:00 pm,Sunny,10,6,6,6,5,9,9,8,"Comfort and safety also depends on whether I am able to get a seat on the bus. If I have to stand, being near the windows and having something to lean on makes me feel more comfortable and safe than standing towards the centre of the bus and struggling to hold onto the supports."
9/27/2024 17:23:02,Year 3,Dentistry,No,To go for meals,1,20,9/24/2024,No,Kent Ridge MRT / Opp Kent Ridge MRT,IT / CLB,A1,5:00:00 pm,Sunny,30,30,9,7,6,6,5,4,LT27 / S17,Kent Ridge MRT / Opp Kent Ridge MRT,D1,2:00:00 pm,Rainy,30,5,7,8,8,8,8,7,Nil
9/27/2024 17:19:57,Year 3,Dentistry,Yes,"To go to in-school accommodation (halls, RCs, houses etc.)",2,20,9/25/2024,Yes,UTown,Kent Ridge MRT / Opp Kent Ridge MRT,D2,7:30:00 am,Rainy,60,10,8,7,8,6,7,7,Kent Ridge MRT / Opp Kent Ridge MRT,UTown,D2,4:30:00 pm,Sunny,70,30,6,7,7,6,7,5,No
9/26/2024 15:40:35,Year 1,DSA,No,To go to class,2,7,9/26/2024,No,Kent Ridge MRT / Opp Kent Ridge MRT,UHC / Opp UHC,D2,3:00:00 pm,Rainy,10,5,5,5,6,7,7,7,UHC / Opp UHC,Kent Ridge MRT / Opp Kent Ridge MRT,D2,6:00:00 pm,Rainy,10,6,7,5,6,6,7,7,sometimes the buses come too close together or too far apart
9/26/2024 15:51:11,Year 1,Data Science and Analtytics,No,To go to class,2,15,9/26/2024,No,Kent Ridge MRT / Opp Kent Ridge MRT,LT27 / S17,A1,11:00:00 am,Rainy,15,7,8,10,4,7,5,9,LT27 / S17,Kent Ridge MRT / Opp Kent Ridge MRT,D2,1:40:00 pm,Sunny,8,5,9,8,7,9,10,10,seat availability
9/26/2024 15:57:21,Year 2,DSA,Yes,To go to class,6,20 mins,9/26/2024,No,Kent Ridge MRT / Opp Kent Ridge MRT,LT27 / S17,A1,11:00:00 am,Sunny,30,4,8,9,3,3,4,5,LT27 / S17,UTown,D2,1:00:00 am,Sunny,25,5,9,7,3,3,4,5,NIL
9/26/2024 19:33:57,Year 3,Life science,No,To go to class,2,20,9/26/2024,No,Kent Ridge MRT / Opp Kent Ridge MRT,LT27 / S17,A1,2:00:00 pm,Rainy,30,10,3,7,3,3,5,3,LT27 / S17,Kent Ridge MRT / Opp Kent Ridge MRT,A2,5:00:00 pm,Rainy,40,15,3,8,3,3,5,3,The bus frequencies and how the driver drives 
9/26/2024 19:56:18,Year 3,nursing,No,To go to class,2,40,9/26/2024,No,LT27 / S17,IT / CLB,A1,12:30:00 pm,Rainy,40,6,4,8,2,2,6,4,LT13 / Ventus,Kent Ridge MRT / Opp Kent Ridge MRT,A2,4:00:00 pm,Sunny,20,10,8,2,9,9,9,9,having a good air ventilation / strong aircon in the bus when its very crowded
9/26/2024 20:22:36,Year 2,DSA,No,To go to class,2,10,9/26/2024,No,Kent Ridge MRT / Opp Kent Ridge MRT,LT27 / S17,A1,11:00:00 am,Rainy,20,7,6,8,5,6,6,6,LT27 / S17,Kent Ridge MRT / Opp Kent Ridge MRT,D1,7:00:00 pm,Sunny,20,15,4,8,4,5,5,5,Large crowd of tourists
9/27/2024 3:12:39,Year 2,Business Administration,Yes,To go to class,2,30,9/26/2024,No,UTown,BIZ2 / Opp HSSML,D1,11:45:00 am,Sunny,30,15,4,9,6,4,9,6,BIZ2 / Opp HSSML,UTown,D1,9:30:00 pm,Sunny,5,12,4,1,10,8,9,6,Whether I can get on the bus
9/27/2024 3:09:46,Year 2,social work,No,To go to class,5,20 mins,9/27/2024,No,Kent Ridge MRT / Opp Kent Ridge MRT,IT / CLB,A1,10:02:00 am,Sunny,10,4,8,4,8,7,7,8,IT / CLB,Kent Ridge MRT / Opp Kent Ridge MRT,A2,6:01:00 pm,Rainy,10,10,8,8,7,7,8,7,"how packed the buses are, whether the nus bus app is accurate or not, whether the bus driver is friendly or not, other passengers' behaviour/actions on the bus (eg. whether they move in)"
9/27/2024 12:08:05,Year 3,Data Science and Analytics,No,To go to class,2,30,9/27/2024,No,Kent Ridge MRT / Opp Kent Ridge MRT,LT27 / S17,A2,10:00:00 am,Sunny,50,5,10,10,5,10,6,7,LT27 / S17,Kent Ridge MRT / Opp Kent Ridge MRT,A2,5:00:00 pm,Sunny,50,15,1,10,1,1,2,3,Nope
9/27/2024 12:23:03,Year 4,Nursing ,No,To go to class,2,5,9/27/2024,No,LT27 / S17,IT / CLB,A1,10:00:00 am,Sunny,10,7,5,7,4,4,6,5,IT / CLB,Kent Ridge MRT / Opp Kent Ridge MRT,A2,7:40:00 pm,Sunny,20,10,4,9,3,4,6,4,"If there are increased intervals of the buses, I would be more satisfied "
9/27/2024 12:23:24,Year 3,Data Science and Analytics,Yes,To go to class,2,10 minutes,9/27/2024,No,Kent Ridge MRT / Opp Kent Ridge MRT,LT27 / S17,D2,11:00:00 am,Sunny,5,1,10,1,10,10,10,10,LT27 / S17,Kent Ridge MRT / Opp Kent Ridge MRT,D2,3:00:00 pm,Sunny,5,1,10,1,10,10,10,10,nope
9/27/2024 12:25:26,Year 3,Data Science and Analytics,No,To go to class,2,15,9/27/2024,No,Kent Ridge MRT / Opp Kent Ridge MRT,LT27 / S17,A2,9:00:00 am,Rainy,50,20,1,10,1,1,1,1,LT27 / S17,Kent Ridge MRT / Opp Kent Ridge MRT,A2,6:00:00 pm,Rainy,40,25,1,10,1,1,1,1,nope
9/27/2024 12:28:01,Year 3,Data Science and Analytics,No,To go to class,2,15,9/27/2024,No,Kent Ridge MRT / Opp Kent Ridge MRT,LT27 / S17,A1,10:30:00 am,Sunny,5,3,7,3,7,7,7,7,LT27 / S17,Kent Ridge MRT / Opp Kent Ridge MRT,A1,5:30:00 pm,Sunny,15,10,7,3,7,7,7,7,nope
9/27/2024 12:35:23,Year 3,Data Science and Analytics,Yes,To go for meals,4,60,9/27/2024,No,UHC / Opp UHC,UTown,D2,1:00:00 pm,Sunny,40,15,3,8,3,3,3,3,UTown,UHC / Opp UHC,D2,3:00:00 pm,Sunny,25,15,3,8,3,3,3,3,nope
9/27/2024 12:37:28,Year 3,Data Science and Analytics,Yes,To go for meals,4,15,9/27/2024,No,UHC / Opp UHC,UTown,D2,6:00:00 pm,Sunny,40,20,3,8,3,3,3,3,UTown,UHC / Opp UHC,D2,8:00:00 pm,Sunny,25,15,3,8,3,3,3,3,nope
9/27/2024 12:38:34,Year 1,CS,Yes,To go to class,2,60,9/27/2024,No,UTown,LT27 / S17,D2,12:00:00 pm,Sunny,30,10,8,4,8,9,9,9,LT27 / S17,Kent Ridge MRT / Opp Kent Ridge MRT,D2,2:30:00 pm,Sunny,40,5,9,4,8,7,10,8,The next bus app timings has inaccurate timings. I once waited 45mins for a bus that was supposed to arrive in 1min
9/27/2024 12:39:01,Year 3,Life Sciences,No,To go to class,2,10,9/27/2024,No,Kent Ridge MRT / Opp Kent Ridge MRT,LT27 / S17,A1,11:45:00 am,Sunny,6,0,10,5,8,7,8,8,LT27 / S17,Kent Ridge MRT / Opp Kent Ridge MRT,D2,6:00:00 pm,Sunny,4,10,5,6,6,5,8,5,"Aircon functionality, speed of commute"
9/27/2024 12:39:48,Year 3,Faculty of Dentistry,No,To go to class,1,30 min,9/27/2024,No,LT27 / S17,IT / CLB,A1,5:00:00 pm,Rainy,100,10,7,10,6,9,5,5,IT / CLB,Kent Ridge MRT / Opp Kent Ridge MRT,A2,4:00:00 pm,Rainy,50,10,4,8,8,8,8,7,NA
9/27/2024 12:42:20,Year 1,Geography,Yes,To go to class,2,10,9/27/2024,No,UTown,LT27 / S17,D2,2:00:00 pm,Sunny,10,3,8,3,8,8,8,8,LT27 / S17,UTown,D2,3:30:00 pm,Sunny,15,5,8,3,8,8,8,8,"nope
"
9/27/2024 12:44:33,Year 1,Geography,Yes,To go to class,2,10,9/27/2024,No,UTown,LT27 / S17,D2,2:00:00 pm,Rainy,35,20,2,9,2,2,2,2,LT27 / S17,UTown,D2,3:30:00 pm,Rainy,35,20,3,9,3,3,3,3,nope
9/27/2024 12:48:08,Year 2,Political Sciences,Yes,To go to CCA sessions,2,10,9/27/2024,No,UTown,BIZ2 / Opp HSSML,A2,7:30:00 pm,Sunny,15,10,6,3,6,6,7,8,BIZ2 / Opp HSSML,UTown,A2,10:00:00 pm,Sunny,5,10,6,3,7,7,7,8,perhaps the attitude of the bus driver
9/27/2024 12:50:19,Year 3,Psychology ,No,To go to class,2,10,9/27/2024,No,Kent Ridge MRT / Opp Kent Ridge MRT,IT / CLB,A1,10:00:00 am,Sunny,20,5,7,7,7,7,9,7,IT / CLB,UHC / Opp UHC,A2,12:15:00 pm,Sunny,15,6,7,7,7,8,9,7,nil
9/27/2024 12:54:06,Year 2,Computer Science,No,To go to class,2,15,9/27/2024,No,Kent Ridge MRT / Opp Kent Ridge MRT,COM3,D2,11:00:00 am,Sunny,20,10,10,5,5,5,7,7,COM3,Kent Ridge MRT / Opp Kent Ridge MRT,D2,12:30:00 pm,Sunny,25,15,5,7,6,6,6,6,bus driver attitude
9/27/2024 15:40:56,Year 3,DSA,No,To go to class,2,30,9/27/2024,No,Kent Ridge MRT / Opp Kent Ridge MRT,UTown,D2,10:00:00 am,Sunny,50,6,8,5,5,6,5,5,UTown,LT27 / S17,D2,1:00:00 pm,Sunny,20,5,8,2,8,8,8,8,"The way that the driver drives, there are instant acceleration sometimes which I can’t maintain my balance "
9/27/2024 17:04:22,Year 3,DSA,No,To go to class,3,30,9/27/2024,No,Kent Ridge MRT / Opp Kent Ridge MRT,UTown,D2,10:30:00 am,Sunny,10,8,5,3,8,5,9,6,UTown,Kent Ridge MRT / Opp Kent Ridge MRT,D2,5:00:00 pm,Sunny,20,10,4,7,6,7,7,5,"sharp turns, start or brake"
9/27/2024 17:59:57,Year 2,DSA,No,To go to CCA sessions,4,18,9/27/2024,No,UTown,UHC / Opp UHC,D2,3:00:00 pm,Sunny,15,5,7,5,7,6,6,6,UHC / Opp UHC,UTown,D2,8:00:00 pm,Sunny,6,5,7,3,7,7,7,7,Air con
9/27/2024 20:55:53,Year 1,Mathematics,Yes,To go to class,4,30,9/27/2024,No,LT27 / S17,IT / CLB,A1,3:30:00 pm,Sunny,50,8,7,8,5,4,7,6,IT / CLB,UTown,D1,5:30:00 pm,Sunny,100,9,6,9,4,3,7,4,N/A
9/30/2024 7:48:46,Year 4,Chemistry ,No,To go to class,2,5,9/27/2024,No,Kent Ridge MRT / Opp Kent Ridge MRT,LT27 / S17,A1,7:30:00 am,Rainy,20,5,5,8,5,5,9,7,LT27 / S17,Kent Ridge MRT / Opp Kent Ridge MRT,A2,2:30:00 pm,Sunny,10,5,8,8,5,6,8,6,no
9/28/2024 11:22:19,Year 1,Law,No,To go to class,2,30,9/28/2024,No,Kent Ridge MRT / Opp Kent Ridge MRT,UHC / Opp UHC,A1,8:30:00 am,Sunny,20,10,6,8,4,6,8,7,UHC / Opp UHC,Kent Ridge MRT / Opp Kent Ridge MRT,A1,10:30:00 am,Sunny,4,10,7,4,8,8,8,8,"Like how public buses require passengers to tap a card, our buses could have a feature where it detects a student card"
9/29/2024 17:41:45,Year 3,data science & analytics,No,To go to class,4,15,9/29/2024,No,UTown,Kent Ridge MRT / Opp Kent Ridge MRT,A1,2:22:00 am,Sunny,22,22,5,5,5,5,5,5,UHC / Opp UHC,UTown,D1,3:33:00 am,Sunny,33,33,6,5,5,5,5,5,no
9/30/2024 14:10:31,Year 2,cs,Yes,To go to class,2,30,9/29/2024,No,UTown,LT27 / S17,D2,1:12:00 pm,Sunny,10,10,6,7,5,8,6,5,UTown,Kent Ridge MRT / Opp Kent Ridge MRT,D2,6:00:00 pm,Sunny,30,5,7,7,8,8,7,9,aircon
9/30/2024 9:08:10,Year 1,Dsa,No,To go to class,4,30,9/30/2024,No,Kent Ridge MRT / Opp Kent Ridge MRT,LT27 / S17,A1,7:35:00 am,Rainy,30,6,5,8,4,5,7,7,LT27 / S17,BIZ2 / Opp HSSML,D2,10:00:00 am,Rainy,20,5,7,5,6,6,7,6,Nope
9/30/2024 9:31:10,Year 3,DSA,No,To go to class,3,35,9/30/2024,Yes,Kent Ridge MRT / Opp Kent Ridge MRT,UTown,D2,9:30:00 am,Sunny,30,3,8,8,3,4,7,6,UHC / Opp UHC,LT27 / S17,A2,2:00:00 pm,Sunny,50,20,3,9,2,5,7,4,Nil
9/30/2024 11:29:32,Year 3,DSA,No,To go to class,4,30,9/30/2024,Yes,UTown,UHC / Opp UHC,D2,11:30:00 am,Sunny,30,2,9,5,8,8,9,9,LT27 / S17,Kent Ridge MRT / Opp Kent Ridge MRT,D2,9:00:00 pm,Sunny,25,10,4,8,3,4,7,5,Nil
9/30/2024 11:52:42,Year 1,dsa,No,To go to class,2,15,9/30/2024,No,LT27 / S17,UTown,D2,1:00:00 pm,Sunny,100,20,1,1,1,1,1,1,Kent Ridge MRT / Opp Kent Ridge MRT,IT / CLB,A2,2:00:00 pm,Sunny,40,25,1,1,1,1,1,1,fucking bus delay
9/30/2024 12:02:51,Year 1,dsa,No,To go to MRT,2,10,9/30/2024,No,LT27 / S17,Kent Ridge MRT / Opp Kent Ridge MRT,A2,7:45:00 am,Rainy,25,10,3,3,2,3,3,2,Kent Ridge MRT / Opp Kent Ridge MRT,LT27 / S17,D2,2:00:00 pm,Sunny,30,15,3,3,1,2,4,2,nil
9/30/2024 12:05:15,Year 1,sociology,Yes,To go to class,4,15,9/30/2024,No,Kent Ridge MRT / Opp Kent Ridge MRT,LT27 / S17,D2,9:00:00 am,Sunny,5,7,4,4,4,4,5,4,UTown,Kent Ridge MRT / Opp Kent Ridge MRT,D2,11:30:00 am,Sunny,25,9,4,1,1,2,3,2,nil
9/30/2024 13:54:51,Year 3,DSA,No,To go to MRT,2,25,9/30/2024,Yes,UHC / Opp UHC,LT27 / S17,D2,1:50:00 pm,Sunny,35,5,7,9,3,3,6,4,UHC / Opp UHC,UTown,D2,11:00:00 am,Sunny,15,6,6,4,8,6,8,8,Nil
9/30/2024 14:21:43,Year 3,DSA,Yes,To go to class,2,10,9/30/2024,Yes,UHC / Opp UHC,LT27 / S17,A2,2:00:00 pm,Sunny,10,3,8,4,9,8,8,8,Kent Ridge MRT / Opp Kent Ridge MRT,UHC / Opp UHC,D2,8:00:00 am,Sunny,10,5,7,5,7,7,8,8,"traffic conditions, driver's speed and jam brake, weather conditions, mood and friendliness of the driver, accurate prediction timings"
9/30/2024 16:50:29,Year 1,DSA,No,To go to class,1,5min,9/30/2024,No,LT27 / S17,UTown,D2,9:30:00 am,Sunny,20,5min,7,10,5,5,6,6,UTown,Kent Ridge MRT / Opp Kent Ridge MRT,A1,11:45:00 am,Rainy,20,5min,7,7,8,7,9,7,NIL
9/30/2024 17:18:14,Year 2,CS,No,To go to class,1,5,9/30/2024,No,COM3,Kent Ridge MRT / Opp Kent Ridge MRT,D2,5:00:00 pm,Sunny,25,5,7,7,7,7,8,7,Kent Ridge MRT / Opp Kent Ridge MRT,COM3,D2,9:00:00 am,Sunny,30,5,6,8,6,6,7,6,If I get to sit down would be nice
9/30/2024 17:21:21,Year 2,Computer Science,No,To go to class,2,30,9/30/2024,No,LT27 / S17,LT13 / Ventus,A2,1:30:00 pm,Sunny,10,4,6,8,5,4,5,6,Kent Ridge MRT / Opp Kent Ridge MRT,LT27 / S17,A1,10:00:00 am,Sunny,10,5,7,7,5,5,5,6,NIL
9/30/2024 17:22:24,Year 2,Computer Science,No,To go to class,2,10,9/30/2024,No,COM3,LT27 / S17,D2,4:00:00 pm,Sunny,35,7,5,8,6,5,5,6,LT27 / S17,Kent Ridge MRT / Opp Kent Ridge MRT,D2,5:00:00 pm,Sunny,25,2,8,6,7,7,7,8,NIL
9/30/2024 23:48:25,Year 2,Economics,Yes,To go to class,4,30,9/30/2024,Yes,PGP,UTown,D2,11:55:00 am,Sunny,10,10,7,5,3,6,8,6,UTown,UHC / Opp UHC,D2,3:20:00 pm,Sunny,40,0,10,9,1,1,6,4,NIL
10/1/2024 19:15,Year 3,DSA,No,To go to class,3,40,9/30/2024,Yes,UHC / Opp UHC,LT27 / S17,D1,2:45:00 pm,Rainy,60,8,3,9,4,4,9,7,Kent Ridge MRT / Opp Kent Ridge MRT,UHC / Opp UHC,A1,8:00:00 am,Rainy,70,10,6,10,5,3,8,5,cannot hold to anything
10/11/2024 11:45,Year 2,DSA,Yes,To go to MRT,4,10,9/30/2024,Yes,UHC / Opp UHC,LT27 / S17,D2,11:40:00 am,Sunny,20,10,6,9,5,5,8,7,LT27 / S17,UHC / Opp UHC,D2,3:00:00 pm,Sunny,15,5,7,6,7,8,8,7,NIL
9/27/2024 17:38:51,Year 2,DSA,Yes,"To go to in-school accommodation (halls, RCs, houses etc.)",2,10,10/1/2024,Yes,Kent Ridge MRT / Opp Kent Ridge MRT,UHC / Opp UHC,A1,9:00:00 pm,Sunny,10,5,8,3,8,8,8,8,UHC / Opp UHC,Kent Ridge MRT / Opp Kent Ridge MRT,A2,8:30:00 pm,Sunny,10,5,8,2,8,7,8,8,Air-Con
9/27/2024 22:26:01,Year 2,Data Science and Analytics,Yes,To go to class,2,15,10/1/2024,No,Kent Ridge MRT / Opp Kent Ridge MRT,BIZ2 / Opp HSSML,A1,10:00:00 am,Sunny,20,8,6,6,5,5,5,5,BIZ2 / Opp HSSML,Kent Ridge MRT / Opp Kent Ridge MRT,A1,4:00:00 pm,Sunny,5,5,9,2,9,9,8,8,Whether the driver greets us
10/1/2024 10:02,Year 2,History,No,To go to class,4,20,10/1/2024,No,Kent Ridge MRT / Opp Kent Ridge MRT,IT / CLB,A1,10:30:00 am,Sunny,20,10,4,9,4,4,4,4,IT / CLB,LT13 / Ventus,A1,3:17:00 pm,Sunny,8,5,7,5,6,6,6,6,NIL
10/1/2024 16:02,Year 3,DSA,No,To go to MRT,3,35,10/1/2024,Yes,Kent Ridge MRT / Opp Kent Ridge MRT,LT13 / Ventus,A2,11:30:00 am,Sunny,15,8,4,2,8,8,9,8,LT13 / Ventus,Kent Ridge MRT / Opp Kent Ridge MRT,A1,4:00:00 pm,Sunny,20,5,6,7,4,5,7,6,Nil
10/1/2024 16:36,Year 3,DSA,No,To go to class,2,25,10/1/2024,Yes,LT13 / Ventus,Kent Ridge MRT / Opp Kent Ridge MRT,A1,4:00:00 pm,Sunny,20,5,6,8,3,4,7,6,Kent Ridge MRT / Opp Kent Ridge MRT,LT13 / Ventus,A2,11:30:00 am,Sunny,10,8,4,3,8,8,9,8,Nil
10/1/2024 17:05,Year 4,Mechanical Engineering,No,All of the above,2-3 times,10,10/1/2024,No,IT / CLB,UTown,D1,11:15:00 am,Rainy,20,7,5,9,5,5,5,5,UTown,Kent Ridge MRT / Opp Kent Ridge MRT,D2,4:30:00 pm,Rainy,15,5,5,7,5,5,5,5,NIL
10/1/2024 19:07,Year 3,DSA,No,To go to class,3,40,10/1/2024,Yes,LT13 / Ventus,LT27 / S17,A1,3:40:00 pm,Sunny,40,4,6,9,6,8,9,10,LT27 / S17,IT / CLB,A1,12:30:00 pm,Sunny,50,5,5,10,6,5,8,7,"driver drive too fast, almost falling"
10/1/2024 19:15,Year 4,Materials Science and Engineering,No,To go to class,2,10,10/1/2024,Yes,Kent Ridge MRT / Opp Kent Ridge MRT,LT27 / S17,D1,7:50:00 am,Sunny,40,4,7,7,8,4,9,8,LT27 / S17,IT / CLB,A1,9:50:00 am,Sunny,10,5,7,7,7,7,7,8,"Missing at least 1 to 2 buses because of the crowd on the bus (I cannot fit), Cannot hold onto anything on the bus, the number of things I have to carry on that day (e.g. if I have to bring CCA logistics to school, then I won't take ISB because paiseh)"
10/1/2024 20:16,Year 1,political science,No,To go to CCA sessions,1,5,10/1/2024,No,IT / CLB,UHC / Opp UHC,A2,6:00:00 pm,Sunny,30,5,7,9,5,2,7,6,UTown,IT / CLB,D1,10:55:00 am,Sunny,30,3,9,4,8,8,8,8,whether theres seats
10/1/2024 20:31,Year 1,malay studies ,No,To go to class,1,10,10/1/2024,No,Kent Ridge MRT / Opp Kent Ridge MRT,IT / CLB,A2,11:40:00 am,Sunny,40-50,1,8,9,4,4,7,7,IT / CLB,UTown,D1,6:00:00 am,Sunny,30,4,7,6,5,5,7,7,nil!
10/1/2024 20:39,Year 1,global studies,No,To go to CCA sessions,1,5,10/1/2024,No,LT13 / Ventus,LT27 / S17,D1,6:05:00 pm,Sunny,1,5,8,7,4,7,7,7,IT / CLB,PGP,A1,3:00:00 pm,Sunny,2,8,4,1,10,10,10,10,nil
10/1/2024 21:12,Year 1,Anthropology ,No,To go to CCA sessions,1,5,10/1/2024,No,IT / CLB,LT27 / S17,A2,3:40:00 pm,Sunny,30,4,10,8,6,4,10,9,LT27 / S17,LT13 / Ventus,A1,5:21:00 pm,Sunny,40,5,6,7,6,7,10,8,No
10/1/2024 23:07,Year 2,Accountancy,No,To go to class,3,5,10/1/2024,No,Kent Ridge MRT / Opp Kent Ridge MRT,COM3,D1,7:45:00 am,Rainy,10,4,3,4,3,6,6,7,BIZ2 / Opp HSSML,Kent Ridge MRT / Opp Kent Ridge MRT,A1,5:45:00 pm,Rainy,15,5,9,4,9,8,8,9,mainly crowdedness and waiting time!
10/1/2024 23:17,Year 1,Life Sci,No,To go to class,2,10-20min,10/1/2024,No,IT / CLB,LT27 / S17,A2,9:50:00 am,Sunny,0,8,3,1,10,10,10,6,LT27 / S17,Kent Ridge MRT / Opp Kent Ridge MRT,D2,11:59:00 am,Sunny,15,5,7,7,8,7,10,8,How roughly the driver drives eg if they speed over a speed bump or turn extra hard and the passengers are tossed around
10/1/2024 23:17,Year 3,geography ,No,To go to class,2,15mins,10/1/2024,No,Kent Ridge MRT / Opp Kent Ridge MRT,IT / CLB,A1,8:22:00 am,Sunny,18,4-6mins,7,4,5,7,8,7,IT / CLB,Kent Ridge MRT / Opp Kent Ridge MRT,A1,1:35:00 pm,Rainy,35,7mins,3,8,4,2,5,4,NA
10/1/2024 23:24,Year 1,pharmaceutical science,Yes,To go to class,3,60,10/1/2024,No,LT13 / Ventus,LT27 / S17,A1,9:40:00 am,Sunny,10,4,7,4,6,7,8,8,LT27 / S17,UTown,D2,1:30:00 pm,Sunny,40,4,4,8,4,5,5,6,NO
10/2/2024 0:05,Year 4,Economics,No,To go to class,2,10,10/1/2024,Yes,Kent Ridge MRT / Opp Kent Ridge MRT,IT / CLB,A1,2:00:00 pm,Sunny,25,5,8,6,8,8,9,8,IT / CLB,Kent Ridge MRT / Opp Kent Ridge MRT,A2,4:00:00 pm,Sunny,30,5,8,9,8,8,8,8,NIL
10/2/2024 13:15,Year 4,DSA,No,To go to MRT,2,10,10/1/2024,No,UHC / Opp UHC,LT27 / S17,D2,3:45:00 pm,Sunny,30,5,6,9,2,6,6,6,LT27 / S17,Kent Ridge MRT / Opp Kent Ridge MRT,A1,8:15:00 pm,Sunny,20,5,5,10,2,2,3,4,-
10/2/2024 16:21,Year 3,life science,No,To go to class,2,10,10/1/2024,Yes,Kent Ridge MRT / Opp Kent Ridge MRT,LT27 / S17,D2,11:48:00 am,Rainy,10,3,8,5,8,8,8,9,LT27 / S17,Kent Ridge MRT / Opp Kent Ridge MRT,D2,1:41:00 pm,Sunny,15,6,7,8,5,6,7,7,NIL
9/26/2024 22:01:56,Year 2,DSA,No,To go for meals,4,20,10/2/2024,No,LT27 / S17,UTown,D2,12:15:00 pm,Sunny,30,15,3,9,3,3,3,4,UTown,LT27 / S17,D2,2:00:00 pm,Sunny,25,10,6,6,6,6,6,6,NIL
10/2/2024 0:07,Year 1,Nursing,No,To go to class,1,10 minutes,10/2/2024,No,Kent Ridge MRT / Opp Kent Ridge MRT,IT / CLB,A2,12:45:00 pm,Sunny,8,12 minutes,6,8,4,3,3,5,UTown,Kent Ridge MRT / Opp Kent Ridge MRT,D2,3:30:00 pm,Sunny,16,17,3,10,4,3,3,4,Tourists
10/2/2024 2:39,Year 4,History,No,To go to class,2,22,10/2/2024,No,Kent Ridge MRT / Opp Kent Ridge MRT,IT / CLB,A1,7:50:00 am,Sunny,25,4,8,8,7,7,7,7,IT / CLB,Kent Ridge MRT / Opp Kent Ridge MRT,A2,4:45:00 pm,Sunny,30,5,6,8,8,7,7,7,nil
10/2/2024 2:51,Year 3,life sciences ,No,To go to class,2,6,10/2/2024,Yes,Kent Ridge MRT / Opp Kent Ridge MRT,LT27 / S17,D1,11:45:00 am,Sunny,40,1,8,10,3,2,3,5,LT27 / S17,Kent Ridge MRT / Opp Kent Ridge MRT,A2,2:00:00 pm,Rainy,20,6,4,6,5,7,7,7,the bus driver’s attitude
10/2/2024 4:26,Year 4,Engineering,No,To go to class,3,15,10/2/2024,No,Kent Ridge MRT / Opp Kent Ridge MRT,LT27 / S17,A1,10:00:00 am,Sunny,10,2,8,5,7,7,8,8,LT27 / S17,Kent Ridge MRT / Opp Kent Ridge MRT,D2,4:30:00 pm,Rainy,6,6,8,3,8,8,8,8,the driver's mood on that day
10/2/2024 10:33,Year 4,Biomedical Engineering ,No,To go to class,4,20 minutes ,10/2/2024,No,Kent Ridge MRT / Opp Kent Ridge MRT,IT / CLB,A1,10:30:00 am,Sunny,30,12,2,7,3,3,6,3,IT / CLB,Kent Ridge MRT / Opp Kent Ridge MRT,A2,6:00:00 pm,Sunny,60,15,1,10,1,1,3,2,Friendliness of the driver matters 
10/2/2024 11:24,Year 2,Quantitave Finance ,No,To go to class,3,30 mins,10/2/2024,Yes,Kent Ridge MRT / Opp Kent Ridge MRT,UHC / Opp UHC,D2,8:50:00 am,Sunny,30,1,10,8,7,6,10,7,LT27 / S17,Kent Ridge MRT / Opp Kent Ridge MRT,D2,10:50:00 am,Sunny,10,6,6,3,10,10,10,9,"the shakiness of the bus, when it’s very crowded there’s limited poles to hold onto. It cause me to stumble sometimes "
10/2/2024 13:21,Year 3,EVE,No,To go to class,2,7,10/2/2024,No,Kent Ridge MRT / Opp Kent Ridge MRT,IT / CLB,A1,11:45:00 am,Sunny,30,8,1,8,4,4,5,5,IT / CLB,Kent Ridge MRT / Opp Kent Ridge MRT,A2,5:50:00 pm,Sunny,35,4,8,10,1,1,3,1,"Old/new bus - old buses tend to have narrow walkways and less seating (long waiting time before boarding as many are slowly alighting, very difficult to alight when the bus is full), the suspension is also much worse - less safe"
10/2/2024 18:50,Year 4,Psych,No,To go to class,3,15,10/2/2024,Yes,Kent Ridge MRT / Opp Kent Ridge MRT,UHC / Opp UHC,D2,9:00:00 am,Sunny,30,13,2,10,2,2,3,2,UHC / Opp UHC,Kent Ridge MRT / Opp Kent Ridge MRT,A2,5:00:00 pm,Sunny,10,5,8,5,6,6,9,8,NIL
10/2/2024 19:57,Year 3,DSA,No,To go to class,3,30,10/2/2024,No,Kent Ridge MRT / Opp Kent Ridge MRT,LT13 / Ventus,A2,1:10:00 pm,Sunny,15,6,5,7,5,6,8,7,LT13 / Ventus,Kent Ridge MRT / Opp Kent Ridge MRT,A1,3:15:00 pm,Sunny,20,5,7,6,5,7,8,6,Nil
10/2/2024 20:53,Year 3,Statistics,No,To go to class,1,5,10/2/2024,Yes,Kent Ridge MRT / Opp Kent Ridge MRT,LT27 / S17,A2,6:00:00 pm,Sunny,10,5,5,6,6,5,5,5,LT27 / S17,Kent Ridge MRT / Opp Kent Ridge MRT,A2,7:40:00 pm,Sunny,5,2,5,5,5,5,10,5,Exam period or not
10/2/2024 23:01,Year 4,Engineering - Material Science and Engineering,No,To go to class,2,15,10/2/2024,Yes,Kent Ridge MRT / Opp Kent Ridge MRT,UTown,D2,8:10:00 am,Sunny,15,1,10,2,9,10,10,10,UTown,Kent Ridge MRT / Opp Kent Ridge MRT,A2,11:45:00 am,Sunny,15,6,7,1,10,10,10,10,Not really satisfied but I don't see a point in the wireless charging system the new NUS buses have cos the rides are too short for it to have a significance impact.
10/2/2024 23:58,Year 4,Materials Science and Engineering,No,To go to class,2,12,10/2/2024,No,Kent Ridge MRT / Opp Kent Ridge MRT,LT27 / S17,D2,7:53:00 am,Sunny,15,5,7,5,8,9,9,8,LT27 / S17,IT / CLB,A1,9:45:00 am,Sunny,8,4,9,7,8,9,9,10,"Whether I have enough standing space to be close enough to any grab bar, ease of leaving the bus, number of buses I have to wait for until I manage to get on one"
10/17/2024 1:36:40,Year 1,Environmental Science,No,To go to class,4,40,10/2/2024,Yes,LT27 / S17,UHC / Opp UHC,D2,12:30:00 pm,Sunny,30,6,6,9,5,5,10,5,Kent Ridge MRT / Opp Kent Ridge MRT,LT27 / S17,A1,9:45:00 am,Sunny,70,5,9,10,2,4,7,5,whether bus driver drives stably or not
10/3/2024 13:01,Year 3,DSA,No,To go to class,2,40,10/3/2024,No,Kent Ridge MRT / Opp Kent Ridge MRT,IT / CLB,A1,10:30:00 am,Sunny,60,3,8,10,3,5,9,7,COM3,LT27 / S17,D2,11:40:00 am,Sunny,20,6,5,7,9,8,9,9,how rough the bus driver drives
10/3/2024 13:55,Year 3,DSA,No,To go to class,4,40,10/3/2024,Yes,Kent Ridge MRT / Opp Kent Ridge MRT,COM3,D2,12:30:00 pm,Rainy,15,6,5,6,7,7,8,8,COM3,LT27 / S17,D2,1:50:00 pm,Sunny,30,10,3,7,5,7,8,6,Nil
10/3/2024 16:19,Year 3,Life Science,No,To go for meals,0,15,10/3/2024,Yes,Kent Ridge MRT / Opp Kent Ridge MRT,LT27 / S17,D2,9:30:00 am,Sunny,50,10,4,10,2,3,7,5,LT27 / S17,Kent Ridge MRT / Opp Kent Ridge MRT,D2,2:44:00 pm,Sunny,15,5,8,3,9,8,8,7,When I reach the bus stop and the bus just arrives. 
10/3/2024 18:25,Year 4,data science n psychology,No,To go to MRT,2,5,10/3/2024,Yes,Kent Ridge MRT / Opp Kent Ridge MRT,UHC / Opp UHC,D2,6:24:00 pm,Sunny,10,0,9,5,9,10,10,10,Kent Ridge MRT / Opp Kent Ridge MRT,LT27 / S17,A1,3:20:00 pm,Sunny,8,2,9,9,9,9,9,9,sometimes bus damn shaky or the uncle drive very fast
10/3/2024 21:12,Year 3,Data Science & Analytics,No,To go to class,2,30,10/3/2024,Yes,Kent Ridge MRT / Opp Kent Ridge MRT,UTown,D2,10:40:00 am,Sunny,40,8,6,6,4,5,7,7,LT27 / S17,UHC / Opp UHC,A1,6:00:00 pm,Rainy,40,5,6,5,5,5,8,8,Driving of the bus driver 
10/4/2024 8:41,Year 3,DSA,No,To go to class,4,25,10/3/2024,Yes,LT27 / S17,UHC / Opp UHC,D2,6:00:00 pm,Sunny,25,2,8,7,4,6,8,6,UHC / Opp UHC,Kent Ridge MRT / Opp Kent Ridge MRT,D2,8:50:00 pm,Sunny,50,15,4,9,3,4,7,4,Nil
10/5/2024 10:10,Year 1,sociology,Yes,To go to class,2,5,10/3/2024,Yes,Kent Ridge MRT / Opp Kent Ridge MRT,UHC / Opp UHC,D2,9:25:00 am,Sunny,25,6,4,8,3,3,4,4,UHC / Opp UHC,Kent Ridge MRT / Opp Kent Ridge MRT,D2,11:40:00 am,Sunny,30,15,2,9,3,4,4,4,nil
10/5/2024 10:12,Year 1,dsa,No,To go to class,1,10,10/3/2024,Yes,LT27 / S17,UHC / Opp UHC,D2,9:20:00 am,Sunny,15,3,7,3,6,7,7,7,UHC / Opp UHC,Kent Ridge MRT / Opp Kent Ridge MRT,D2,11:45:00 am,Sunny,20,15,2,9,3,3,4,2,nil
10/5/2024 18:05,Year 3,Anthropology,No,To go to class,2,35,10/3/2024,Yes,Kent Ridge MRT / Opp Kent Ridge MRT,UHC / Opp UHC,A1,3:00:00 pm,Sunny,25,5,7,8,6,5,8,7,UHC / Opp UHC,Kent Ridge MRT / Opp Kent Ridge MRT,A2,5:30:00 pm,Sunny,25,2,6,9,6,6,7,6,Presence of non-students/faculty/staff
10/17/2024 1:42:20,Year 2,Environmental Science,Yes,To go to class,5,50,10/3/2024,Yes,UTown,IT / CLB,D1,9:20:00 am,Sunny,50,3,9,10,3,6,8,6,IT / CLB,UHC / Opp UHC,D1,1:20:00 pm,Sunny,30,6,7,7,9,8,10,8,friendliness of bus driver
10/4/2024 11:40,Year 3,DSA,No,To go to class,3,30,10/4/2024,No,Kent Ridge MRT / Opp Kent Ridge MRT,LT13 / Ventus,A2,9:20:00 am,Sunny,15,6,6,3,8,8,9,8,LT13 / Ventus,LT27 / S17,A1,11:30:00 am,Rainy,5,2,8,7,5,6,8,6,Nil
10/4/2024 12:19,Year 4,Economics,No,To go to class,2,10,10/4/2024,No,Kent Ridge MRT / Opp Kent Ridge MRT,UTown,D2,10:04:00 am,Rainy,20,8,7,8,6,7,7,8,UTown,IT / CLB,D1,1:30:00 pm,Rainy,32,15,6,8,7,5,7,6,NA
10/4/2024 12:22,Year 4,Economics,No,To go to CCA sessions,4,12,10/4/2024,No,LT27 / S17,UHC / Opp UHC,A1,9:12:00 am,Sunny,5,6,6,4,7,7,8,8,PGP,LT13 / Ventus,A2,4:16:00 pm,Sunny,15,12,5,6,5,7,6,7,NA
10/5/2024 10:15,Year 1,sociology,Yes,To go to class,4,10,10/4/2024,No,Kent Ridge MRT / Opp Kent Ridge MRT,IT / CLB,A2,9:30:00 am,Sunny,15,5,5,7,5,5,4,4,IT / CLB,Kent Ridge MRT / Opp Kent Ridge MRT,A2,1:00:00 pm,Sunny,10,3,6,7,5,4,5,4,nil
10/5/2024 10:17,Year 1,dsa,No,To go to class,1,10,10/4/2024,No,Kent Ridge MRT / Opp Kent Ridge MRT,IT / CLB,A2,9:30:00 am,Sunny,10,8,5,7,5,4,5,4,IT / CLB,Kent Ridge MRT / Opp Kent Ridge MRT,A2,4:15:00 pm,Sunny,10,5,6,4,5,6,6,6,nil
10/7/2024 9:33,Year 3,Data science and analytics,No,To go to class,4,50,10/7/2024,Yes,Kent Ridge MRT / Opp Kent Ridge MRT,UHC / Opp UHC,D2,9:30:00 am,Sunny,40,20,3,10,1,3,5,2,UHC / Opp UHC,Kent Ridge MRT / Opp Kent Ridge MRT,D2,11:45:00 am,Sunny,60,30,2,10,2,1,3,1,No
10/7/2024 11:37,Year 3,Data Science and Analytics,No,To go to class,4,20,10/7/2024,No,Kent Ridge MRT / Opp Kent Ridge MRT,BIZ2 / Opp HSSML,A2,10:00:00 am,Sunny,30,6,5,10,1,6,6,5,LT13 / Ventus,LT27 / S17,A1,11:15:00 am,Sunny,15,3,7,8,3,6,7,6,The bus timings in the NUSNextBus app
10/7/2024 13:04,Year 3,Dsa,No,To go to class,4,10min,10/7/2024,Yes,Kent Ridge MRT / Opp Kent Ridge MRT,UHC / Opp UHC,A1,9:45:00 am,Sunny,25,11,5,10,3,3,6,5,UHC / Opp UHC,IT / CLB,A2,11:45:00 am,Sunny,20,6,5,9,4,5,8,6,Nil
10/7/2024 13:07,Year 1,PPE-XDP,Yes,To go to class,2,20,10/7/2024,No,UTown,LT13 / Ventus,D1,9:40:00 am,Sunny,20,3,6,8,4,5,10,7,IT / CLB,UTown,D1,2:30:00 pm,Sunny,6,8,9,2,8,8,10,9,"The driving skill of the driver, sometimes the braking is not smooth causing me to have to brace myself"
10/7/2024 13:11,Year 3,Business Analytics,No,To go to class,3,30,10/7/2024,Yes,Kent Ridge MRT / Opp Kent Ridge MRT,UHC / Opp UHC,A1,10:00:00 am,Sunny,40,3,6,9,8,8,8,6,UHC / Opp UHC,LT27 / S17,D2,11:40:00 am,Sunny,20,6,7,7,7,7,7,7,Air con strength
10/7/2024 13:53,Year 1,Chemistry,No,To go to class,4,12,10/7/2024,No,Kent Ridge MRT / Opp Kent Ridge MRT,LT27 / S17,D2,7:49:00 am,Sunny,16,3,7,6,6,6,8,8,LT27 / S17,Kent Ridge MRT / Opp Kent Ridge MRT,D2,11:00:00 am,Sunny,5,5,8,8,8,8,8,9,nil
10/7/2024 13:58,Year 1,Mathematics,No,To go to class,3,20 mins,10/7/2024,No,Kent Ridge MRT / Opp Kent Ridge MRT,IT / CLB,E,7:40:00 am,Sunny,30,5,2,5,5,7,10,5,IT / CLB,LT27 / S17,A2,5:15:00 pm,Sunny,60,7,3,10,1,1,10,3,none
10/7/2024 15:54,Year 2,Psychology,No,To go to class,2,25,10/7/2024,No,Kent Ridge MRT / Opp Kent Ridge MRT,UTown,D2,9:15:00 am,Sunny,30,3,8,4,7,8,9,8,UTown,Kent Ridge MRT / Opp Kent Ridge MRT,D2,3:46:00 pm,Sunny,40,5,6,7,5,6,7,6,"The routes and number of bus routes to places I need to get to
How fast bus drivers drive (sometimes they drive very fast which makes it very hard to keep my balance 
The design of the interiors of the buses
(I wish there were more seats and poles to hold on to)"
10/7/2024 18:04,Year 2,Life science ,No,To go to class,4,20,10/7/2024,No,Kent Ridge MRT / Opp Kent Ridge MRT,LT27 / S17,A1,10:06:00 am,Sunny,18,5,3,4,8,6,10,9,LT27 / S17,Kent Ridge MRT / Opp Kent Ridge MRT,A1,6:01:00 pm,Sunny,30,3,6,9,6,5,6,5,"When the bus is crowded, and people beside an empty sit are ""too cool to sit down"""
10/7/2024 21:31,Year 3,DSA,No,To go to class,4,30,10/7/2024,No,Kent Ridge MRT / Opp Kent Ridge MRT,COM3,D2,11:45:00 am,Sunny,20,5,7,7,5,6,8,6,COM3,LT27 / S17,D2,2:00:00 pm,Sunny,25,10,3,7,5,7,8,6,Nil
10/7/2024 22:25,Year 3,chem,No,To go to class,6,30,10/7/2024,Yes,UHC / Opp UHC,UTown,D2,6:00:00 pm,Sunny,20,10,4,10,3,6,8,4,Kent Ridge MRT / Opp Kent Ridge MRT,LT27 / S17,A1,7:20:00 am,Sunny,35,2,6,6,8,6,8,6,"Whether I get to use my time productively. I was studying with my notes today but on another day i hope to be chatting with schoolmates, etc."
10/7/2024 23:36,Year 4,Architecture ,No,To go to class,2,20,10/7/2024,No,IT / CLB,UTown,D2,1:00:00 pm,Sunny,20,15,5,8,8,7,6,7,UTown,Kent Ridge MRT / Opp Kent Ridge MRT,A1,4:00:00 pm,Sunny,15,15,7,6,6,7,7,7,Time taken for the bus to come
10/15/2024 18:48:03,Year 1,Life Science,Yes,To go to class,2,10,10/7/2024,Yes,UTown,LT27 / S17,D2,10:00:00 am,Sunny,20,10,3,8,4,4,3,4,LT27 / S17,UTown,D2,2:22:00 pm,Sunny,10,5,7,5,6,6,6,6,Whether there are available seats
10/15/2024 19:21:27,Year 2,food science and technology,No,To go to class,2,5,10/7/2024,Yes,UHC / Opp UHC,UHC / Opp UHC,D2,10:10:00 am,Sunny,30,12,1,10,1,1,1,1,UHC / Opp UHC,UTown,D2,2:11:00 pm,Sunny,15,5,7,6,6,5,7,7,NIL
10/15/2024 19:45:25,Year 1,mathematics,Yes,To go to MRT,2,10,10/7/2024,Yes,UTown,UHC / Opp UHC,D2,7:30:00 am,Sunny,10,10,3,3,7,6,6,6,Kent Ridge MRT / Opp Kent Ridge MRT,UTown,D2,3:50:00 pm,Sunny,15,8,6,6,6,6,6,6,air con
10/16/2024 12:22:16,Year 2,Law,No,To go to class,5,60,10/7/2024,No,UTown,PGP,D2,12:00:00 pm,Sunny,20,5,8,7,5,6,7,7,PGP,Kent Ridge MRT / Opp Kent Ridge MRT,A1,4:00:00 pm,Sunny,40,15,3,10,2,3,5,4,very little buses to law building
10/16/2024 17:18:04,Year 3,Dentistry,No,To go to class,2,30,10/7/2024,No,Kent Ridge MRT / Opp Kent Ridge MRT,IT / CLB,A1,8:30:00 am,Sunny,15,5,9,3,9,8,9,9,UHC / Opp UHC,Kent Ridge MRT / Opp Kent Ridge MRT,D2,4:40:00 pm,Sunny,10,3,9,7,5,8,8,9,no
10/16/2024 17:24:46,Year 2,Dentistry,No,To go to class,2,10,10/7/2024,No,Kent Ridge MRT / Opp Kent Ridge MRT,LT27 / S17,A1,8:00:00 am,Sunny,15,8,3,8,3,6,9,5,LT27 / S17,Kent Ridge MRT / Opp Kent Ridge MRT,A2,12:00:00 pm,Sunny,30,20,1,8,2,4,7,1,no
10/17/2024 0:54:45,Year 3,Nursing,Yes,To go to class,2,40,10/7/2024,No,LT13 / Ventus,LT27 / S17,A1,7:30:00 am,Sunny,20,5,7,4,8,9,10,9,LT27 / S17,LT13 / Ventus,A1,4:30:00 pm,Sunny,30,3,9,10,4,8,10,7,whether i get seats
10/8/2024 15:34,Year 4,FST,No,To go to class,1,10 minutes,10/8/2024,No,UTown,LT27 / S17,D2,2:15:00 pm,Sunny,20+???,5,7,8,5,5,7,6,Kent Ridge MRT / Opp Kent Ridge MRT,UTown,D2,9:36:00 am,Sunny,30+,6,4,9,4,3,4,4,Absence of tourists 
10/8/2024 18:37,Year 3,DSA,No,To go to MRT,4,40,10/8/2024,Yes,Kent Ridge MRT / Opp Kent Ridge MRT,UHC / Opp UHC,A1,11:20:00 am,Rainy,30,3,8,7,4,5,7,6,UHC / Opp UHC,IT / CLB,A1,1:45:00 pm,Sunny,50,4,7,9,2,3,7,4,Nil
10/8/2024 18:39,Year 3,DSA,No,To go to class,4,35,10/8/2024,Yes,LT13 / Ventus,Kent Ridge MRT / Opp Kent Ridge MRT,A1,4:00:00 pm,Sunny,35,5,6,9,3,3,7,5,PGP,Kent Ridge MRT / Opp Kent Ridge MRT,A1,4:30:00 pm,Sunny,15,6,5,8,3,4,8,6,Nil
10/12/2024 21:33,Year 2,Ise,Yes,To go to class,4,6,10/8/2024,No,UHC / Opp UHC,IT / CLB,A1,7:45:00 am,Sunny,5,4,7,3,10,10,10,8,IT / CLB,UHC / Opp UHC,A1,9:55:00 am,Sunny,12,6,6,7,4,8,9,7,Bus driver skillz
10/15/2024 18:34:13,Year 4,Anthropology,No,To go to class,2,8,10/8/2024,No,UTown,LT13 / Ventus,D1,9:30:00 am,Sunny,25,9,4,7,5,5,4,4,LT13 / Ventus,COM3,D1,12:36:00 pm,Sunny,10,10,3,4,7,6,6,6,no
10/15/2024 18:59:25,Year 2,Life Science,No,To go to class,2,10,10/8/2024,Yes,Kent Ridge MRT / Opp Kent Ridge MRT,UHC / Opp UHC,A1,11:15:00 am,Sunny,20,7,7,5,6,6,6,6,UHC / Opp UHC,Kent Ridge MRT / Opp Kent Ridge MRT,D2,5:25:00 pm,Rainy,10,3,2,6,5,6,5,6,Nope
10/15/2024 19:23:30,Year 1,food science and technology,Yes,To go for meals,2,8,10/8/2024,No,UTown,LT27 / S17,D2,11:30:00 am,Sunny,20,8,5,5,5,5,5,5,LT27 / S17,UTown,D2,1:10:00 pm,Sunny,15,6,7,7,6,6,6,6,no
10/15/2024 19:40:03,Year 1,food science and technology,No,To go to class,2,10,10/8/2024,Yes,UTown,IT / CLB,D1,11:15:00 am,Sunny,10,6,6,7,5,4,5,5,IT / CLB,UTown,D1,4:20:00 pm,Sunny,8,7,4,7,6,7,4,4,NIL
10/15/2024 19:50:11,Year 2,mathematics,No,To go to class,2,20,10/8/2024,Yes,Kent Ridge MRT / Opp Kent Ridge MRT,COM3,D2,12:20:00 pm,Sunny,20,9,5,9,2,2,3,5,COM3,IT / CLB,D1,3:56:00 pm,Sunny,5,5,8,4,8,8,8,8,no
10/16/2024 15:31:12,Year 3,Law,No,To go to class,3,30,10/8/2024,No,Kent Ridge MRT / Opp Kent Ridge MRT,UTown,D2,9:00:00 am,Sunny,30,10,5,9,2,4,8,5,UTown,PGP,D2,11:00:00 am,Sunny,25,10,6,8,6,6,7,4,no
10/16/2024 17:29:57,Year 4,Dentistry,No,To go to class,3,15,10/8/2024,No,Kent Ridge MRT / Opp Kent Ridge MRT,UTown,D2,9:00:00 am,Sunny,40,15,2,9,4,7,9,6,UTown,Kent Ridge MRT / Opp Kent Ridge MRT,D2,12:00:00 pm,Sunny,20,10,8,7,4,4,5,6,no
10/17/2024 0:59:57,Year 2,Nursing,Yes,To go to class,2,30,10/8/2024,Yes,LT13 / Ventus,LT27 / S17,A1,9:50:00 am,Sunny,40,6,8,9,3,9,10,7,LT27 / S17,UHC / Opp UHC,D2,1:00:00 pm,Sunny,20,5,10,7,7,8,9,7,friendliness of bus drivers
10/17/2024 1:30:51,Year 2,Environmental Science,Yes,To go to class,4,50,10/8/2024,Yes,PGP,UHC / Opp UHC,A1,7:10:00 am,Sunny,30,4,9,4,9,10,10,9,UHC / Opp UHC,IT / CLB,A1,10:30:00 am,Sunny,25,2,10,10,3,4,9,6,whether i get to hold on to something as the bus is so crowded and the bus driver drives so erratically.
10/9/2024 16:33,Year 3,DSA,No,To go to class,2,25,10/9/2024,No,Kent Ridge MRT / Opp Kent Ridge MRT,COM3,D2,10:40:00 am,Sunny,20,7,4,6,6,7,8,7,LT13 / Ventus,Kent Ridge MRT / Opp Kent Ridge MRT,A1,3:00:00 pm,Rainy,30,5,6,7,4,6,7,6,Nil
10/9/2024 18:16,Year 3,Mathematics,Yes,To go to class,4,15,10/9/2024,Yes,PGP,IT / CLB,A1,1:30:00 pm,Sunny,10,5,9,5,9,9,9,9,LT13 / Ventus,LT27 / S17,A1,2:30:00 pm,Sunny,10,5,9,2,10,10,10,10,-
10/12/2024 21:41,Year 3,Econs,Yes,To go to CCA sessions,2,10,10/9/2024,No,UHC / Opp UHC,IT / CLB,A1,11:45:00 am,Sunny,5,6-8 mins,5,8,5,5,5,4,IT / CLB,UHC / Opp UHC,A2,2:15:00 pm,Sunny,25-30 maybe,8,4,9,5,4,4,4,Queueing for the bus. I get frustrated when people don’t give way to those alighting
10/15/2024 18:21:36,Year 1,Anthropology,No,To go for meals,4,15,10/9/2024,No,UHC / Opp UHC,LT27 / S17,A2,11:50:00 am,Sunny,6,6,6,6,5,5,4,6,LT27 / S17,UHC / Opp UHC,A1,12:58:00 pm,Sunny,20,10,3,7,4,4,4,4,NIL
10/15/2024 19:02:04,Year 3,Life Science,Yes,To go to MRT,1,8,10/9/2024,No,UTown,Kent Ridge MRT / Opp Kent Ridge MRT,D2,9:15:00 pm,Sunny,10,5,8,7,7,6,5,6,Kent Ridge MRT / Opp Kent Ridge MRT,UTown,D2,10:00:00 am,Sunny,30,15,1,10,2,2,1,2,NIL
10/15/2024 19:27:05,Year 3,food science and technology,No,To go to CCA sessions,2,10,10/9/2024,No,LT27 / S17,UHC / Opp UHC,D2,3:50:00 pm,Sunny,7,1,10,1,10,10,10,10,BIZ2 / Opp HSSML,PGP,A1,7:00:00 pm,Sunny,12,8,4,6,5,5,4,5,NIL
10/15/2024 19:52:49,Year 3,mathematics,No,To go to CCA sessions,3,15,10/9/2024,No,BIZ2 / Opp HSSML,LT13 / Ventus,A2,1:23:00 pm,Sunny,7,3,10,5,5,5,5,5,LT13 / Ventus,UTown,D1,5:00:00 pm,Sunny,12,7,5,6,4,4,4,4,no
10/15/2024 20:01:08,Masters/PhD,mathematics,No,To go to class,2,10,10/9/2024,Yes,Kent Ridge MRT / Opp Kent Ridge MRT,LT27 / S17,A1,6:30:00 pm,Rainy,10,3,6,4,7,7,7,7,LT27 / S17,Kent Ridge MRT / Opp Kent Ridge MRT,D2,9:30:00 pm,Sunny,15,10,2,7,4,4,4,4,NA
10/16/2024 15:34:38,Year 3,Law,No,To go to MRT,4,30,10/9/2024,No,Kent Ridge MRT / Opp Kent Ridge MRT,UTown,D2,1:00:00 pm,Sunny,35,15,2,10,1,3,7,3,UTown,Kent Ridge MRT / Opp Kent Ridge MRT,D2,6:00:00 pm,Sunny,50,15,2,8,1,5,4,1,no
10/16/2024 16:16:59,Year 3,Political Sciences,Yes,"To go to in-school accommodation (halls, RCs, houses etc.)",2,20,10/9/2024,No,PGP,LT13 / Ventus,A2,9:30:00 am,Sunny,20,10,4,8,5,7,8,7,LT13 / Ventus,PGP,A1,3:30:00 pm,Sunny,10,5,8,2,9,9,9,9,no
10/16/2024 17:27:31,Year 1,Dentistry,No,To go to class,3,20,10/9/2024,No,Kent Ridge MRT / Opp Kent Ridge MRT,IT / CLB,A1,11:30:00 am,Sunny,20,5,9,8,3,6,9,8,IT / CLB,LT27 / S17,A2,4:45:00 pm,Sunny,30,15,4,10,1,1,3,1,no
10/17/2024 1:04:00,Year 1,Nursing,No,To go to class,2,30,10/9/2024,Yes,Kent Ridge MRT / Opp Kent Ridge MRT,UHC / Opp UHC,A1,7:15:00 am,Rainy,35,4,9,9,4,8,10,8,UHC / Opp UHC,LT27 / S17,D2,10:40:00 am,Rainy,70,10,4,10,1,4,7,4,whether the bus comes on time according to the app or not
10/11/2024 7:15,Year 3,DSA,No,To go to class,4,40,10/10/2024,No,Kent Ridge MRT / Opp Kent Ridge MRT,COM3,D2,10:45:00 am,Sunny,20,5,6,7,5,6,8,7,COM3,UTown,D1,2:00:00 pm,Sunny,30,3,8,7,6,8,8,7,Nil
10/11/2024 12:26,Year 4,sociology ,Yes,To go for meals,2,2,10/10/2024,No,UHC / Opp UHC,IT / CLB,A1,8:50:00 am,Sunny,3,1,9,9,5,5,7,6,IT / CLB,Kent Ridge MRT / Opp Kent Ridge MRT,A2,12:30:00 pm,Sunny,10,1,9,2,8,9,9,9,nil
10/13/2024 1:59:00,Year 2,social work,Yes,To go to class,3,15,10/10/2024,No,UHC / Opp UHC,UTown,D2,1:45:00 pm,Sunny,15,4,6,6,6,5,6,6,UTown,UHC / Opp UHC,D2,4:15:00 pm,Sunny,25,5,6,6,5,6,7,7,"cleanliness of the bus, noise level on the bus"
10/15/2024 18:27:55,Year 2,Anthropology,No,To go to class,2,40,10/10/2024,No,Kent Ridge MRT / Opp Kent Ridge MRT,COM3,D2,9:50:00 am,Sunny,30,15,2,9,2,2,2,2,COM3,Kent Ridge MRT / Opp Kent Ridge MRT,D2,4:35:00 pm,Sunny,5,5,7,3,8,7,7,7,NIL
10/15/2024 19:14:43,Year 4,Life Science,No,To go for meals,4,20,10/10/2024,No,BIZ2 / Opp HSSML,PGP,A1,1:30:00 pm,Rainy,7,7,7,4,6,6,5,7,PGP,LT27 / S17,A1,3:15:00 pm,Sunny,9,5,9,3,7,7,7,7,NIL
10/15/2024 19:30:01,Year 4,food science and technology,No,To go to MRT,2,15,10/10/2024,No,PGP,Kent Ridge MRT / Opp Kent Ridge MRT,A1,9:15:00 am,Sunny,8,3,5,5,5,5,5,5,Kent Ridge MRT / Opp Kent Ridge MRT,PGP,D2,3:15:00 pm,Sunny,8,7,5,5,5,5,5,5,NA
10/15/2024 19:56:01,Year 4,mathematics,No,To go to class,2,10,10/10/2024,No,Kent Ridge MRT / Opp Kent Ridge MRT,IT / CLB,A1,10:50:00 am,Sunny,30,12,2,8,4,4,4,4,IT / CLB,COM3,D1,2:30:00 pm,Sunny,15,5,5,5,5,5,5,5,nil
10/16/2024 13:02:38,Year 2,Psychology,No,To go to class,3,30,10/10/2024,No,Kent Ridge MRT / Opp Kent Ridge MRT,LT13 / Ventus,A2,12:00:00 pm,Sunny,20,6,6,7,6,8,8,7,LT13 / Ventus,PGP,A1,4:00:00 pm,Rainy,35,9,3,8,3,5,7,4,Nil
10/16/2024 16:30:39,Year 4,Political Sciences,No,To go to class,4,45,10/10/2024,No,Kent Ridge MRT / Opp Kent Ridge MRT,IT / CLB,A1,10:00:00 am,Sunny,20,8,7,8,4,8,9,7,IT / CLB,Kent Ridge MRT / Opp Kent Ridge MRT,A2,6:10:00 pm,Sunny,30,15,2,9,3,6,6,4,no
10/16/2024 16:39:22,Year 4,Political Sciences,No,To go to class,3,30,10/10/2024,No,Kent Ridge MRT / Opp Kent Ridge MRT,IT / CLB,A1,9:30:00 am,Sunny,20,10,6,7,5,7,10,7,IT / CLB,Kent Ridge MRT / Opp Kent Ridge MRT,A2,4:45:00 pm,Sunny,25,15,4,7,4,6,9,6,no
10/16/2024 17:22:23,Year 2,Dentistry,No,To go to class,3,15,10/10/2024,No,Kent Ridge MRT / Opp Kent Ridge MRT,LT27 / S17,D2,9:30:00 am,Sunny,30,15,3,10,3,6,5,3,LT27 / S17,Kent Ridge MRT / Opp Kent Ridge MRT,A2,6:00:00 pm,Sunny,30,15,2,10,1,6,6,2,no
10/11/2024 12:29,Year 2,cs,Yes,To go to class,2,10,10/11/2024,No,UHC / Opp UHC,IT / CLB,A1,8:55:00 am,Sunny,9,5,3,7,7,6,9,8,IT / CLB,UHC / Opp UHC,A2,1:00:00 am,Rainy,20,3,9,9,5,4,9,7,SMELL
10/12/2024 21:29,Year 2,DSA,Yes,To go to class,1 to 2,10,10/11/2024,No,UTown,UHC / Opp UHC,D2,3:30:00 am,Rainy,20,4,7,5,7,6,6,7,LT27 / S17,UTown,D2,2:45:00 am,Sunny,10,6,7,7,6,6,6,6,"Whether or not the crowd update on NextBus is accurate. For example, when the app indicates the crowd level is green but when the bus arrives, it’s actually crowded. "
10/12/2024 21:31,Year 2,psych,Yes,"To go to in-school accommodation (halls, RCs, houses etc.)",1,10,10/11/2024,No,LT13 / Ventus,UTown,D1,5:10:00 pm,Sunny,4,8,4,4,9,7,10,8,UTown,UHC / Opp UHC,D2,5:26:00 pm,Sunny,14,1,10,8,3,2,9,6,nope
10/12/2024 22:27,Year 2,FST,Yes,To go to class,2,10,10/11/2024,No,LT27 / S17,Kent Ridge MRT / Opp Kent Ridge MRT,D2,5:30:00 pm,Sunny,10,10,1,10,1,1,3,1,LT27 / S17,UHC / Opp UHC,A1,2:30:00 pm,Sunny,15,5,8,3,8,7,8,9,"The lack of extended shelters at some bus stops like opp UHC and Information Technology so on rainy days you have to get drenched to get on the bus
How hard the bus driver accelerates and breaks"
10/13/2024 1:01:22,Year 2,DSA,Yes,To go to class,2,30,10/11/2024,No,UHC / Opp UHC,COM3,D2,11:30:00 am,Rainy,5,7,7,10,3,3,4,4,COM3,Kent Ridge MRT / Opp Kent Ridge MRT,D2,1:56:00 am,Sunny,15,6,7,8,5,6,6,7,How late I am for class
10/13/2024 1:54:42,Year 2,social work,Yes,To go to class,2,10,10/11/2024,No,UHC / Opp UHC,IT / CLB,A2,9:45:00 am,Sunny,20,6,6,9,5,3,3,5,IT / CLB,UHC / Opp UHC,A2,12:00:00 pm,Sunny,30,7,5,7,6,4,5,6,"driver's attitude, driver's style of driving, how hard it was to board the bus with my friends, how jerky the ride was."
10/13/2024 19:13:06,Year 3,DSA,No,To go to class,3,35,10/11/2024,No,Kent Ridge MRT / Opp Kent Ridge MRT,LT13 / Ventus,A2,9:50:00 am,Sunny,20,5,6,7,6,7,8,6,LT13 / Ventus,Kent Ridge MRT / Opp Kent Ridge MRT,A1,12:00:00 pm,Sunny,30,5,6,7,6,7,8,7,Nil
10/15/2024 18:30:38,Year 2,Anthropology,Yes,To go to CCA sessions,2,12,10/11/2024,No,LT27 / S17,UHC / Opp UHC,A1,7:00:00 pm,Sunny,10,3,8,4,9,8,8,8,UHC / Opp UHC,UTown,D2,9:02:00 pm,Rainy,6,5,7,5,7,7,7,7,no
10/15/2024 19:16:37,Year 5,Life Science,No,To go for meals,2,10,10/11/2024,Yes,UTown,LT27 / S17,D2,11:00:00 am,Sunny,25,10,3,9,3,1,2,2,LT27 / S17,UTown,D2,2:50:00 pm,Sunny,15,7,3,8,2,7,6,7,NIL
10/15/2024 19:37:07,Year 5,food science and technology,No,"To go to in-school accommodation (halls, RCs, houses etc.)",1,5,10/11/2024,No,Kent Ridge MRT / Opp Kent Ridge MRT,UTown,D2,10:00:00 pm,Sunny,5,2,10,1,10,10,9,10,UTown,Kent Ridge MRT / Opp Kent Ridge MRT,D2,5:28:00 pm,Sunny,15,5,4,6,5,5,5,5,NA
10/15/2024 19:58:28,Year 5,mathematics,No,To go for meals,2,12,10/11/2024,No,Kent Ridge MRT / Opp Kent Ridge MRT,LT27 / S17,A1,10:15:00 am,Sunny,30,10,1,10,1,1,1,1,LT27 / S17,Kent Ridge MRT / Opp Kent Ridge MRT,D2,3:11:00 pm,Sunny,10,6,5,5,5,5,5,5,handles to hold
10/16/2024 12:40:25,Year 2,Malay Studies,Yes,"To go to in-school accommodation (halls, RCs, houses etc.)",2,15,10/11/2024,No,PGP,LT13 / Ventus,A2,9:00:00 am,Sunny,15,6,6,6,7,7,7,7,UTown,PGP,D2,5:00:00 pm,Sunny,30,5,6,8,5,6,7,6,Nil
10/16/2024 12:56:40,Year 3,Global Studies,No,To go to class,4,40,10/11/2024,No,LT13 / Ventus,Kent Ridge MRT / Opp Kent Ridge MRT,A1,4:00:00 pm,Sunny,35,6,5,8,4,6,7,6,Kent Ridge MRT / Opp Kent Ridge MRT,LT13 / Ventus,A2,8:30:00 am,Rainy,25,4,6,8,3,5,7,6,Nil
10/16/2024 16:33:02,Year 2,Political Sciences,No,To go to class,3,25,10/11/2024,No,Kent Ridge MRT / Opp Kent Ridge MRT,IT / CLB,A1,8:30:00 am,Sunny,20,10,4,8,3,7,8,5,LT13 / Ventus,Kent Ridge MRT / Opp Kent Ridge MRT,A1,2:10:00 pm,Sunny,15,5,7,5,8,8,8,8,no
10/17/2024 1:19:26,Year 3,Nursing,No,To go to class,2,25,10/11/2024,Yes,Kent Ridge MRT / Opp Kent Ridge MRT,UHC / Opp UHC,A1,1:20:00 pm,Sunny,15,6,5,6,7,7,9,8,LT27 / S17,Kent Ridge MRT / Opp Kent Ridge MRT,A2,5:50:00 pm,Sunny,20,4,7,9,3,6,10,6,friendliness of bus driver
10/12/2024 21:31,Year 2,data science and analytics!,Yes,To go to class,3,10,10/12/2024,No,Kent Ridge MRT / Opp Kent Ridge MRT,UHC / Opp UHC,A1,9:10:00 pm,Sunny,15,7,5,6,8,9,8,8,UHC / Opp UHC,Kent Ridge MRT / Opp Kent Ridge MRT,A2,2:16:00 pm,Rainy,1,3,8,9,7,4,7,8,when i cant make it onto the bus when i need to 
10/12/2024 23:43,Year 2,Geography,Yes,To go to class,2,10,10/12/2024,No,UHC / Opp UHC,Kent Ridge MRT / Opp Kent Ridge MRT,A2,6:00:00 pm,Rainy,50,8,7,7,5,4,10,7,Kent Ridge MRT / Opp Kent Ridge MRT,UHC / Opp UHC,D2,8:30:00 pm,Rainy,20,15,5,5,9,9,10,9,NA
10/15/2024 14:27:18,Year 3,DSA,No,To go to MRT,3,30,10/14/2024,No,Kent Ridge MRT / Opp Kent Ridge MRT,COM3,D2,11:20:00 am,Rainy,20,3,7,3,7,8,9,8,LT27 / S17,UTown,D2,5:30:00 pm,Sunny,25,5,6,7,4,6,7,6,Nil
10/15/2024 14:29:18,Year 3,DSA,No,To go to class,3,25,10/14/2024,No,COM3,LT27 / S17,D2,2:20:00 pm,Rainy,15,5,6,7,6,7,7,6,UTown,Kent Ridge MRT / Opp Kent Ridge MRT,D2,8:30:00 pm,Sunny,40,8,5,7,4,6,7,5,Nil
10/15/2024 18:18:14,Year 2,Anthropology,Yes,To go to class,2,10,10/14/2024,No,LT27 / S17,UHC / Opp UHC,A1,11:00:00 am,Rainy,20,5,6,8,5,5,5,5,UHC / Opp UHC,UTown,D2,2:11:00 pm,Rainy,15,7,6,5,6,6,6,6,NIL
10/15/2024 22:06:55,Year 3,material science & engineering,Yes,To go to class,2,20,10/14/2024,No,UTown,IT / CLB,D1,11:35:00 am,Rainy,15,7,5,8,3,3,5,5,COM3,Kent Ridge MRT / Opp Kent Ridge MRT,D2,5:00:00 pm,Rainy,10,5,5,7,4,4,5,6,people who dont move in!!! 
10/15/2024 22:12:17,Year 4,statistics,No,To go to CCA sessions,3,15,10/14/2024,No,Kent Ridge MRT / Opp Kent Ridge MRT,IT / CLB,A1,6:00:00 pm,Rainy,7,3,7,5,5,5,8,8,IT / CLB,Kent Ridge MRT / Opp Kent Ridge MRT,A2,9:00:00 pm,Rainy,6,10,3,6,5,7,8,6,nil
10/15/2024 22:16:48,Year 2,life sciences,No,To go to class,2,10,10/14/2024,No,UTown,LT13 / Ventus,D1,12:00:00 pm,Sunny,10,4,6,6,4,5,7,8,IT / CLB,UHC / Opp UHC,A2,5:45:00 pm,Sunny,15,6,3,8,4,3,5,4,-
10/16/2024 12:35:28,Year 2,Malay Studies,No,To go to class,2,25,10/14/2024,No,Kent Ridge MRT / Opp Kent Ridge MRT,IT / CLB,A1,12:00:00 pm,Sunny,20,4,7,6,7,7,8,7,UTown,Kent Ridge MRT / Opp Kent Ridge MRT,D2,3:00:00 pm,Rainy,35,6,5,8,3,6,7,6,Nil
10/16/2024 12:53:15,Year 2,Global Studies,No,To go to CCA sessions,2,30,10/14/2024,No,Kent Ridge MRT / Opp Kent Ridge MRT,LT13 / Ventus,A2,9:00:00 am,Sunny,20,5,6,8,4,5,8,6,LT13 / Ventus,UTown,D1,2:00:00 pm,Sunny,40,5,6,9,3,5,6,5,Nil
10/16/2024 13:05:22,Year 4,Psychology,No,To go to class,4,40,10/14/2024,No,Kent Ridge MRT / Opp Kent Ridge MRT,LT13 / Ventus,A2,2:00:00 pm,Rainy,25,4,6,6,6,7,7,8,UTown,LT27 / S17,D2,5:00:00 pm,Rainy,30,5,5,8,3,5,7,6,Nil
10/16/2024 15:58:53,Year 1,Law,No,To go to class,3,30,10/14/2024,No,Kent Ridge MRT / Opp Kent Ridge MRT,UHC / Opp UHC,A1,8:45:00 am,Rainy,40,15,4,10,2,4,4,5,UHC / Opp UHC,LT27 / S17,D2,12:10:00 pm,Rainy,15,15,2,7,5,5,6,6,no
10/16/2024 16:06:40,Year 2,Political Sciences,No,To go to class,2,30,10/14/2024,No,Kent Ridge MRT / Opp Kent Ridge MRT,IT / CLB,A1,9:30:00 am,Rainy,30,15,2,10,2,5,4,4,IT / CLB,Kent Ridge MRT / Opp Kent Ridge MRT,A2,4:15:00 pm,Sunny,30,20,2,9,3,6,8,5,no
10/17/2024 1:15:46,Year 1,Nursing,No,To go to class,2,20,10/14/2024,No,Kent Ridge MRT / Opp Kent Ridge MRT,LT27 / S17,D2,7:50:00 am,Rainy,60,7,6,10,4,7,9,8,IT / CLB,Kent Ridge MRT / Opp Kent Ridge MRT,A2,4:00:00 pm,Sunny,40,8,6,10,2,5,9,7,whether the bus driver drives stable or not
10/17/2024 1:26:10,Year 1,Environmental Science,No,To go to class,3,40,10/14/2024,No,Kent Ridge MRT / Opp Kent Ridge MRT,IT / CLB,A1,9:35:00 am,Rainy,65,7,4,10,6,6,9,7,IT / CLB,LT27 / S17,A2,12:30:00 pm,Rainy,20,4,10,7,9,10,10,9,whether bus driver arrives on time
10/15/2024 18:14:29,Year 4,Anthropology,No,To go to class,2,5,10/15/2024,Yes,Kent Ridge MRT / Opp Kent Ridge MRT,UHC / Opp UHC,A1,10:10:00 am,Sunny,20,10,3,9,3,3,3,3,UHC / Opp UHC,Kent Ridge MRT / Opp Kent Ridge MRT,D2,1:00:00 pm,Sunny,30,5,5,7,4,5,5,5,Air con temperature
10/16/2024 7:42:12,Year 3,DSA,No,To go to class,3,30,10/15/2024,No,Kent Ridge MRT / Opp Kent Ridge MRT,LT13 / Ventus,A2,11:20:00 am,Rainy,10,5,6,3,8,8,8,8,LT13 / Ventus,Kent Ridge MRT / Opp Kent Ridge MRT,A1,4:00:00 pm,Sunny,40,7,4,9,3,6,8,6,Nil
10/16/2024 12:33:16,Year 3,Malay Studies,No,To go to class,3,30,10/15/2024,No,Kent Ridge MRT / Opp Kent Ridge MRT,IT / CLB,A1,11:00:00 am,Sunny,25,6,5,7,6,7,8,7,IT / CLB,UTown,D1,2:00:00 pm,Sunny,30,7,3,8,3,6,7,6,Nil
10/16/2024 12:49:54,Year 2,Global Studies,No,To go to class,3,35,10/15/2024,No,Kent Ridge MRT / Opp Kent Ridge MRT,LT13 / Ventus,A2,10:00:00 am,Sunny,20,6,5,7,5,7,8,6,LT13 / Ventus,PGP,A1,2:00:00 pm,Sunny,25,5,6,8,3,6,7,6,Nil
10/16/2024 12:55:01,Year 3,Global Studies,No,To go to MRT,2,25,10/15/2024,No,Kent Ridge MRT / Opp Kent Ridge MRT,LT13 / Ventus,A2,11:00:00 am,Sunny,15,8,4,6,6,7,8,7,UTown,Kent Ridge MRT / Opp Kent Ridge MRT,D2,3:00:00 pm,Rainy,40,5,6,8,4,6,7,6,Nil
10/16/2024 16:12:34,Year 2,Political Sciences,No,To go to MRT,3,30,10/15/2024,No,Kent Ridge MRT / Opp Kent Ridge MRT,LT13 / Ventus,A2,11:45:00 am,Sunny,35,15,4,8,5,6,9,3,LT13 / Ventus,Kent Ridge MRT / Opp Kent Ridge MRT,A1,5:40:00 pm,Sunny,30,10,7,8,4,8,9,7,no
10/16/2024 7:32:11,Year 3,Chemistry ,No,To go to class,2,20,10/16/2024,No,Kent Ridge MRT / Opp Kent Ridge MRT,LT13 / Ventus,A2,7:40:00 am,Sunny,20,5,8,9,8,9,10,9,LT13 / Ventus,Kent Ridge MRT / Opp Kent Ridge MRT,A1,3:45:00 pm,Sunny,5,5,8,9,8,8,10,8,The buses do come on time according to the bus app 
10/16/2024 12:31:45,Year 1,Malay Studies,No,To go to class,2,20,10/16/2024,No,Kent Ridge MRT / Opp Kent Ridge MRT,IT / CLB,A1,10:00:00 am,Rainy,15,5,6,8,4,7,8,7,IT / CLB,Kent Ridge MRT / Opp Kent Ridge MRT,A2,3:00:00 pm,Sunny,20,5,6,8,4,7,8,6,Nil
10/16/2024 12:48:18,Year 1,Global Studies,No,To go to class,3,35,10/16/2024,No,Kent Ridge MRT / Opp Kent Ridge MRT,LT13 / Ventus,A2,9:00:00 am,Sunny,25,5,6,8,4,7,8,6,LT13 / Ventus,Kent Ridge MRT / Opp Kent Ridge MRT,A1,2:00:00 pm,Rainy,30,6,4,7,4,6,8,5,Nil
10/16/2024 12:59:00,Year 3,Psychology,No,To go to class,2,20,10/16/2024,No,Kent Ridge MRT / Opp Kent Ridge MRT,LT13 / Ventus,A2,1:30:00 pm,Sunny,20,7,4,7,5,7,7,7,LT13 / Ventus,Kent Ridge MRT / Opp Kent Ridge MRT,A1,4:00:00 pm,Rainy,20,5,7,6,6,7,8,7,Nil
10/16/2024 12:42:14,Year 1,Malay Studies,No,To go to class,3,30,10/17/2024,No,Kent Ridge MRT / Opp Kent Ridge MRT,IT / CLB,A1,9:00:00 am,Sunny,20,5,6,7,4,6,7,7,IT / CLB,UTown,D1,2:00:00 pm,Sunny,30,5,5,8,4,6,8,6,Nil
10/16/2024 12:51:31,Year 3,Global Studies,No,To go to class,2,20,10/17/2024,No,LT13 / Ventus,LT27 / S17,A1,12:00:00 pm,Rainy,30,6,5,9,3,4,7,5,LT27 / S17,Kent Ridge MRT / Opp Kent Ridge MRT,A2,4:00:00 pm,Rainy,25,4,7,7,5,6,7,6,Nil
10/16/2024 13:00:40,Year 1,Psychology,No,To go to class,3,25,10/17/2024,No,Kent Ridge MRT / Opp Kent Ridge MRT,LT13 / Ventus,A2,11:30:00 am,Sunny,30,5,5,9,3,5,8,6,LT13 / Ventus,UTown,D1,3:00:00 pm,Rainy,20,5,6,7,5,6,7,6,Nil
10/16/2024 13:04:02,Year 4,Psychology,No,To go to class,2,30,10/17/2024,No,Kent Ridge MRT / Opp Kent Ridge MRT,LT13 / Ventus,A2,1:00:00 pm,Sunny,30,3,7,6,6,7,8,7,LT13 / Ventus,Kent Ridge MRT / Opp Kent Ridge MRT,A1,4:00:00 pm,Rainy,25,5,6,7,5,6,8,6,Nil
10/16/2024 15:51:19,Year 2,Law,No,To go to class,4,30,10/17/2024,No,Kent Ridge MRT / Opp Kent Ridge MRT,UTown,D2,2:30:00 pm,Sunny,15,5,8,4,9,8,10,9,UTown,Kent Ridge MRT / Opp Kent Ridge MRT,D2,6:15:00 pm,Sunny,45,15,1,10,1,2,4,1,no
10/17/2024 1:11:35,Year 1,Nursing,Yes,To go to class,3,40,10/17/2024,No,PGP,LT27 / S17,D2,9:30:00 am,Rainy,40,4,7,9,5,6,9,8,LT27 / S17,PGP,D2,5:30:00 pm,Sunny,40,6,5,10,4,7,10,8,how erratic the bus driver drives
10/16/2024 12:43:55,Year 3,Malay Studies,No,To go to MRT,2,30,10/18/2024,No,Kent Ridge MRT / Opp Kent Ridge MRT,IT / CLB,A1,11:00:00 am,Rainy,30,4,7,8,4,6,7,5,UTown,Kent Ridge MRT / Opp Kent Ridge MRT,D2,3:00:00 pm,Sunny,30,5,6,7,4,6,8,7,Nil
10/16/2024 13:07:04,Year 4,Psychology,Yes,"To go to in-school accommodation (halls, RCs, houses etc.)",3,30,10/18/2024,No,Kent Ridge MRT / Opp Kent Ridge MRT,LT13 / Ventus,A2,11:00:00 am,Sunny,20,4,7,6,6,7,7,7,LT13 / Ventus,UTown,D1,2:00:00 pm,Rainy,30,9,3,9,3,5,7,5,Nil
10/16/2024 16:02:48,Year 3,Law,No,To go to class,3,20,10/18/2024,No,Kent Ridge MRT / Opp Kent Ridge MRT,UTown,D2,8:50:00 am,Sunny,30,5,8,8,4,5,7,7,UTown,PGP,D2,11:10:00 am,Sunny,10,7,7,3,7,7,9,8,no
10/16/2024 17:33:08,Year 3,Dentistry,No,To go to MRT,4,30,10/18/2024,No,Kent Ridge MRT / Opp Kent Ridge MRT,IT / CLB,A1,9:30:00 am,Sunny,20,5,8,5,6,8,8,8,IT / CLB,Kent Ridge MRT / Opp Kent Ridge MRT,A2,7:00:00 pm,Sunny,40,20,1,10,1,1,1,1,no
10/17/2024 12:32:48,Year 2,material science & engineering,No,To go to MRT,3,20,10/15/2024,No,LT27 / S17,IT / CLB,A1,11:45:00 am,Rainy,20,5,3,9,4,3,4,3,COM3,Kent Ridge MRT / Opp Kent Ridge MRT,D2,4:00:00 pm,Rainy,10,7,4,6,6,6,7,5,nil
10/17/2024 12:37:16,Year 1,statistics,No,To go for meals,2,15,10/15/2024,No,Kent Ridge MRT / Opp Kent Ridge MRT,BIZ2 / Opp HSSML,A2,8:45:00 am,Rainy,9,5,5,6,4,7,8,6,BIZ2 / Opp HSSML,IT / CLB,D1,2:00:00 pm,Sunny,8,3,7,6,5,8,8,7,nil
10/17/2024 12:41:34,Year 4,life sciences,No,To go to CCA sessions,2,15,10/15/2024,No,Kent Ridge MRT / Opp Kent Ridge MRT,IT / CLB,A1,9:45:00 am,Sunny,30,10,2,9,2,3,3,3,IT / CLB,Kent Ridge MRT / Opp Kent Ridge MRT,A2,5:15:00 pm,Sunny,15,4,5,7,5,5,6,6,nil
10/17/2024 13:10:43,Year 1,economics,No,To go to class,2,20,10/17/2024,No,Kent Ridge MRT / Opp Kent Ridge MRT,BIZ2 / Opp HSSML,A2,11:45:00 am,Rainy,30,15,7,7,7,7,7,7,BIZ2 / Opp HSSML,Kent Ridge MRT / Opp Kent Ridge MRT,A2,2:30:00 pm,Rainy,25,15,7,7,7,7,7,7,none
10/17/2024 13:12:34,Year 1,economics,No,To go to MRT,2,20,10/18/2024,No,Kent Ridge MRT / Opp Kent Ridge MRT,BIZ2 / Opp HSSML,A2,11:30:00 am,Rainy,30,15,7,7,7,7,7,7,BIZ2 / Opp HSSML,Kent Ridge MRT / Opp Kent Ridge MRT,A2,2:30:00 pm,Rainy,20,15,7,7,7,7,7,7,none
10/17/2024 13:15:17,Year 2,economics,Yes,To go to CCA sessions,2,10,10/16/2024,No,UTown,IT / CLB,D2,6:00:00 pm,Sunny,15,15,5,5,5,5,5,5,IT / CLB,UTown,D2,8:00:00 pm,Sunny,20,15,5,5,5,5,5,5,the smell of the bus - whether it is smelly or not
10/17/2024 13:17:27,Year 2,economics,Yes,To go to CCA sessions,2,10,10/16/2024,No,UTown,IT / CLB,D2,6:00:00 pm,Sunny,15,15,8,8,8,8,8,8,IT / CLB,UTown,D2,8:00:00 pm,Sunny,18,15,8,8,8,8,8,8,smell of the bus - if smelly or not
10/17/2024 13:20:45,Year 4,economics,No,To go to class,1,10,10/14/2024,No,Kent Ridge MRT / Opp Kent Ridge MRT,BIZ2 / Opp HSSML,A2,9:00:00 am,Sunny,10,5,10,6,6,7,10,9,BIZ2 / Opp HSSML,Kent Ridge MRT / Opp Kent Ridge MRT,A2,11:00:00 am,Sunny,5,5,10,5,9,10,10,10,smell of the bus
10/17/2024 13:23:22,Year 4,economics,No,To go to class,2,10,10/15/2024,No,Kent Ridge MRT / Opp Kent Ridge MRT,BIZ2 / Opp HSSML,A2,3:00:00 pm,Sunny,3,3,10,1,10,10,10,10,BIZ2 / Opp HSSML,Kent Ridge MRT / Opp Kent Ridge MRT,A2,4:30:00 pm,Sunny,2,3,10,1,10,10,10,10,smell of the bus
10/17/2024 13:28:02,Year 4,sociology,No,To go to class,2,10,10/14/2024,No,Kent Ridge MRT / Opp Kent Ridge MRT,LT13 / Ventus,D1,3:00:00 pm,Sunny,2,3,10,1,10,10,10,10,LT13 / Ventus,Kent Ridge MRT / Opp Kent Ridge MRT,D1,4:30:00 pm,Sunny,2,3,10,1,10,10,10,10,smell of the bus
10/17/2024 13:32:19,Year 4,sociology,No,To go to class,2,10,10/15/2024,No,Kent Ridge MRT / Opp Kent Ridge MRT,LT13 / Ventus,D1,2:30:00 pm,Sunny,3,5,10,1,10,10,10,10,LT13 / Ventus,Kent Ridge MRT / Opp Kent Ridge MRT,D1,4:00:00 pm,Sunny,5,5,10,1,10,10,10,10,smell of the bus
10/17/2024 13:35:25,Year 1,sociology,Yes,"To go to in-school accommodation (halls, RCs, houses etc.)",2,15,10/16/2024,No,UTown,PGP,D2,8:00:00 am,Sunny,30,20,1,10,1,1,4,3,PGP,UTown,D2,7:00:00 pm,Sunny,30,20,1,10,1,1,1,1,smell of the bus
10/17/2024 13:37:08,Year 2,sociology,Yes,"To go to in-school accommodation (halls, RCs, houses etc.)",2,15,10/16/2024,No,UTown,PGP,D2,9:00:00 am,Rainy,50,25,1,10,1,1,1,1,PGP,UTown,D2,8:00:00 pm,Rainy,35,25,1,10,1,1,1,1,smell of the bus
10/17/2024 13:38:15,Year 3,Environmental Science,No,To go to class,3,40,10/11/2024,Yes,Kent Ridge MRT / Opp Kent Ridge MRT,LT27 / S17,D2,9:50:00 am,Sunny,50,5,8,10,3,6,9,7,LT27 / S17,UHC / Opp UHC,A1,4:50:00 am,Sunny,20,6,6,9,5,8,10,8,whether i get a seat
10/17/2024 13:39:30,Year 3,sociology,No,To go for meals,2,15,10/18/2024,No,IT / CLB,UTown,D2,12:00:00 pm,Sunny,20,15,4,9,4,4,5,4,UTown,IT / CLB,D2,1:15:00 pm,Sunny,25,15,4,8,4,4,4,4,smell of the bus
10/17/2024 13:41:46,Year 4,Environmental Science,No,To go to class,2,20,10/17/2024,No,Kent Ridge MRT / Opp Kent Ridge MRT,LT27 / S17,A1,11:50:00 am,Rainy,30,3,9,10,6,6,9,8,LT27 / S17,Kent Ridge MRT / Opp Kent Ridge MRT,A2,3:30:00 pm,Sunny,15,5,7,6,9,9,10,9,whether I get seats for long trips or not
10/17/2024 13:42:00,Year 3,sociology,No,To go for meals,2,15,10/18/2024,No,IT / CLB,UTown,D2,12:30:00 pm,Rainy,35,18,2,10,2,2,2,2,UTown,IT / CLB,D2,2:00:00 pm,Rainy,28,18,1,10,3,3,3,3,smell of the bus
10/17/2024 13:45:40,Year 1,Chemistry,Yes,To go to class,4,45,10/7/2024,Yes,UTown,UHC / Opp UHC,D2,7:20:00 am,Sunny,25,5,9,7,6,7,9,9,UHC / Opp UHC,LT27 / S17,D2,10:50:00 am,Sunny,50,7,5,10,6,6,9,7,whether the bus arrives on time
10/17/2024 13:46:52,Year 1,Computer Science,Yes,To go to class,2,15,10/14/2024,No,UTown,COM3,D1,9:30:00 am,Sunny,17,15,6,7,6,6,6,6,COM3,UTown,D1,12:00:00 pm,Sunny,25,15,6,7,6,6,6,6,smell of the bus
10/17/2024 13:49:22,Year 1,Computer Science,Yes,To go to class,2,15,10/15/2024,No,UTown,COM3,D1,5:00:00 pm,Sunny,25,20,4,9,4,6,5,4,COM3,UTown,D1,6:30:00 pm,Sunny,29,19,3,8,3,3,3,3,smell of the bus
10/17/2024 13:49:56,Year 1,Chemistry,No,To go to class,4,40,10/15/2024,No,Kent Ridge MRT / Opp Kent Ridge MRT,LT27 / S17,A1,9:30:00 am,Rainy,55,5,8,10,4,7,9,7,LT27 / S17,IT / CLB,A1,11:40:00 am,Rainy,25,4,9,10,7,7,9,8,"how fast/slow the bus moves, whether I am late to my class due to traffic conditions on the road or not"
10/17/2024 13:51:47,Year 2,Computer Science,Yes,To go to class,2,15,10/16/2024,No,UHC / Opp UHC,COM3,D1,8:30:00 am,Sunny,24,20,2,8,2,2,2,2,COM3,UHC / Opp UHC,D1,10:00:00 am,Sunny,24,19,2,9,2,2,2,2,smell of the bus
10/17/2024 13:53:56,Year 2,Chemistry,Yes,To go to class,5,40,10/2/2024,Yes,PGP,UHC / Opp UHC,A1,8:50:00 am,Sunny,35,5,8,9,7,7,9,9,IT / CLB,PGP,A2,6:50:00 pm,Sunny,20,6,7,7,8,9,10,8,friendliness of bus driver
10/17/2024 13:58:47,Year 3,Chemistry,No,To go to class,2,25,10/17/2024,No,Kent Ridge MRT / Opp Kent Ridge MRT,LT27 / S17,D2,9:40:00 am,Rainy,50,5,8,10,7,6,9,9,LT27 / S17,Kent Ridge MRT / Opp Kent Ridge MRT,A2,4:45:00 pm,Sunny,20,6,6,7,8,9,10,8,how stable the bus driver drives
10/18/2024 7:51:59,Year 3,DSA,No,To go to class,3,30,10/17/2024,No,Kent Ridge MRT / Opp Kent Ridge MRT,COM3,D2,10:30:00 am,Rainy,20,1,9,5,7,7,8,8,LT13 / Ventus,LT27 / S17,A1,4:30:00 pm,Sunny,10,7,4,7,6,6,7,6,Nil
10/18/2024 7:53:36,Year 3,adsa,No,To go to class,2,25,10/16/2024,No,Kent Ridge MRT / Opp Kent Ridge MRT,COM3,D2,10:40:00 am,Rainy,20,4,7,7,6,7,8,7,LT13 / Ventus,Kent Ridge MRT / Opp Kent Ridge MRT,A1,3:00:00 pm,Rainy,30,5,6,8,4,6,8,6,Nil
10/18/2024 13:49:22,Year 4,Computer Science,No,To go to class,2,20,10/18/2024,No,Kent Ridge MRT / Opp Kent Ridge MRT,COM3,D1,6:00:00 pm,Rainy,50,25,1,10,1,2,3,1,COM3,Kent Ridge MRT / Opp Kent Ridge MRT,D1,7:30:00 pm,Rainy,40,20,1,10,1,1,1,1,smell of the bus
10/18/2024 13:51:08,Year 3,Computer Science,No,To go to class,2,15,10/17/2024,No,COM3,Kent Ridge MRT / Opp Kent Ridge MRT,D1,12:00:00 pm,Rainy,50,25,1,10,1,2,1,1,Kent Ridge MRT / Opp Kent Ridge MRT,COM3,D1,1:30:00 pm,Rainy,50,30,1,10,1,1,1,1,smell of the bus 
10/18/2024 14:10:32,Year 1,Computer Science,Yes,To go for meals,4,45,10/15/2024,No,PGP,UTown,D2,12:00:00 pm,Sunny,20,10,7,9,6,8,8,8,UTown,PGP,D2,2:00:00 pm,Sunny,20,10,7,8,7,7,7,8,smell of the bus
10/18/2024 14:19:37,Year 1,Social Work,Yes,To go for meals,4,45,10/7/2024,No,UTown,BIZ2 / Opp HSSML,D2,12:00:00 pm,Sunny,25,15,4,9,4,5,6,4,BIZ2 / Opp HSSML,UTown,D2,2:00:00 pm,Sunny,20,10,4,8,5,7,6,4,whether or  not i get motion sickness
10/18/2024 14:31:53,Year 2,Social Work,Yes,To go for meals,4,35,10/8/2024,No,UHC / Opp UHC,IT / CLB,A2,5:15:00 pm,Sunny,20,12,5,8,7,8,7,7,IT / CLB,UHC / Opp UHC,A1,7:00:00 pm,Rainy,45,25,2,10,2,3,3,3,whether or not i get motion sickness
10/18/2024 14:35:54,Year 3,Social Work,No,To go to class,2,19,10/9/2024,No,Kent Ridge MRT / Opp Kent Ridge MRT,LT13 / Ventus,D1,3:00:00 pm,Sunny,5,5,10,3,9,8,9,9,LT13 / Ventus,Kent Ridge MRT / Opp Kent Ridge MRT,D1,4:15:00 pm,Sunny,4,4,10,2,10,10,10,10,whether or not i get motion sickness
10/18/2024 14:38:31,Year 4,Social Work,No,To go to class,4,30,10/10/2024,No,Kent Ridge MRT / Opp Kent Ridge MRT,BIZ2 / Opp HSSML,A2,10:30:00 am,Sunny,7,7,10,3,9,8,10,9,BIZ2 / Opp HSSML,Kent Ridge MRT / Opp Kent Ridge MRT,A2,12:00:00 pm,Sunny,25,15,5,10,5,6,6,6,whether or not i get motion sickness
10/18/2024 14:42:25,Year 5,Social Work,No,To go to CCA sessions,2,28,10/11/2024,No,Kent Ridge MRT / Opp Kent Ridge MRT,PGP,A2,2:45:00 pm,Sunny,6,6,10,1,10,10,9,9,PGP,Kent Ridge MRT / Opp Kent Ridge MRT,A1,9:00:00 pm,Sunny,0,15,4,1,10,10,10,10,whether or not i get motion sickness
10/18/2024 14:57:33,Year 4,Social Work,No,"To go to in-school accommodation (halls, RCs, houses etc.)",2,37,10/10/2024,No,Kent Ridge MRT / Opp Kent Ridge MRT,PGP,A2,9:00:00 am,Sunny,35,15,5,9,5,6,7,6,PGP,Kent Ridge MRT / Opp Kent Ridge MRT,A2,10:00:00 pm,Sunny,3,15,5,1,10,10,10,10,whether or not i get motion sickness
10/19/2024 12:34:13,Year 4,Chemistry,No,To go to class,3,30,10/11/2024,No,Kent Ridge MRT / Opp Kent Ridge MRT,LT27 / S17,D2,8:02:00 am,Sunny,30,4,8,9,5,6,9,8,LT27 / S17,Kent Ridge MRT / Opp Kent Ridge MRT,D2,5:40:00 am,Sunny,20,3,8,10,5,7,9,7,how the bus driver drives
10/19/2024 12:41:28,Year 2,Chemistry,Yes,To go to class,5,40,10/17/2024,No,UTown,LT27 / S17,D2,9:51:00 am,Rainy,40,5,6,9,6,7,9,7,LT27 / S17,UTown,D2,3:40:00 pm,Rainy,15,6,6,5,8,9,10,9,whether I get a seat especially if i will be in the bus for some time
10/20/2024 16:57:15,Year 1,History,Yes,To go to class,4,40,10/14/2024,No,UTown,IT / CLB,D1,7:50:00 am,Sunny,20,5,7,7,8,9,10,7,LT13 / Ventus,LT27 / S17,A1,2:40:00 pm,Sunny,20,3,9,10,8,10,9,8,whether i get to hold onto something for balance
10/20/2024 16:58:59,Year 2,statistics,No,To go to class,3,20,10/16/2024,No,Kent Ridge MRT / Opp Kent Ridge MRT,LT27 / S17,A1,9:45:00 am,Sunny,30,4,5,9,3,4,3,5,LT27 / S17,IT / CLB,A1,11:35:00 am,Sunny,20,3,8,8,6,4,4,5,nil
10/20/2024 16:59:15,Year 4,History,No,To go to class,2,40,10/15/2024,No,Kent Ridge MRT / Opp Kent Ridge MRT,IT / CLB,A1,9:30:00 am,Rainy,40,5,7,10,4,6,9,7,LT13 / Ventus,Kent Ridge MRT / Opp Kent Ridge MRT,A1,4:40:00 pm,Rainy,35,5,7,10,6,6,8,7,whether the bus comes on time according to the app
10/20/2024 17:01:35,Year 2,History,Yes,To go to class,4,50,10/16/2024,Yes,PGP,UHC / Opp UHC,A1,7:00:00 am,Rainy,30,4,7,10,8,8,10,7,UHC / Opp UHC,IT / CLB,A1,10:30:00 am,Rainy,15,5,7,9,4,7,10,8,whether i get a seat
10/20/2024 17:02:12,Year 1,material science & engineering,No,To go to CCA sessions,2,15,10/16/2024,No,Kent Ridge MRT / Opp Kent Ridge MRT,UTown,D2,4:00:00 pm,Sunny,15,2,9,6,8,7,8,8,UTown,Kent Ridge MRT / Opp Kent Ridge MRT,D2,9:00:00 pm,Sunny,15,5,5,3,8,8,9,8,nil
10/20/2024 17:05:05,Year 3,life sciences,Yes,To go to class,3,30,10/16/2024,No,PGP,LT27 / S17,D2,9:45:00 am,Rainy,8,5,5,7,6,7,8,7,LT27 / S17,IT / CLB,A1,2:15:00 pm,Sunny,15,3,5,6,6,7,7,7,nil
10/20/2024 17:06:25,Year 1,History,Yes,To go to class,5,40,10/17/2024,No,LT27 / S17,IT / CLB,A1,11:30:00 pm,Sunny,15,3,8,10,5,8,9,7,LT13 / Ventus,UTown,D1,5:40:00 pm,Sunny,35,3,8,9,7,6,9,8,whether i get to hold on to something or not
10/20/2024 17:08:56,Year 4,material science & engineering,No,To go for meals,2,20,10/17/2024,No,LT27 / S17,IT / CLB,A1,12:20:00 pm,Sunny,15,2,9,7,5,6,5,7,IT / CLB,Kent Ridge MRT / Opp Kent Ridge MRT,A2,5:20:00 pm,Sunny,30,5,4,9,2,3,4,9,nil
10/20/2024 17:09:47,Year 3,History,No,To go to class,3,30,10/18/2024,No,Kent Ridge MRT / Opp Kent Ridge MRT,IT / CLB,A1,9:50:00 am,Rainy,45,5,7,10,4,8,9,7,IT / CLB,Kent Ridge MRT / Opp Kent Ridge MRT,A2,3:30:00 pm,Sunny,20,7,7,7,9,8,10,7,how stable the bus driver drives
10/20/2024 17:12:01,Year 3,statistics,No,To go to MRT,2,15,10/17/2024,No,UTown,LT13 / Ventus,D1,12:40:00 pm,Rainy,40,6,3,9,4,3,4,4,LT13 / Ventus,Kent Ridge MRT / Opp Kent Ridge MRT,A1,6:20:00 pm,Sunny,5,5,4,4,7,8,6,6,nil
10/20/2024 17:14:49,Year 2,life sciences,No,To go for meals,3,30,10/17/2024,No,LT27 / S17,UTown,D2,1:15:00 pm,Sunny,20,4,5,7,5,6,6,5,IT / CLB,Kent Ridge MRT / Opp Kent Ridge MRT,A2,6:40:00 pm,Sunny,15,5,4,5,7,7,8,7,nil
10/20/2024 17:16:48,Year 3,History,No,To go to class,2,25,10/14/2024,Yes,Kent Ridge MRT / Opp Kent Ridge MRT,UHC / Opp UHC,A1,11:40:00 am,Rainy,40,5,7,10,5,6,9,7,IT / CLB,Kent Ridge MRT / Opp Kent Ridge MRT,A2,5:30:00 pm,Sunny,30,2,9,10,6,7,10,6,whether i get a seat
10/20/2024 17:20:19,Year 4,material science & engineering,No,To go to class,3,30,10/18/2024,No,Kent Ridge MRT / Opp Kent Ridge MRT,UHC / Opp UHC,A2,5:00:00 pm,Sunny,15,4,7,4,8,8,9,8,Kent Ridge MRT / Opp Kent Ridge MRT,IT / CLB,A1,12:45:00 pm,Sunny,30,4,4,7,3,4,6,5,nil
10/20/2024 17:22:26,Year 4,statistics,No,To go to class,2,15,10/18/2024,No,Kent Ridge MRT / Opp Kent Ridge MRT,LT27 / S17,A1,12:30:00 pm,Sunny,20,2,8,7,4,6,6,5,LT27 / S17,Kent Ridge MRT / Opp Kent Ridge MRT,A2,4:00:00 pm,Sunny,10,4,5,4,7,8,8,8,nil
10/20/2024 17:25:38,Year 1,life sciences,Yes,"To go to in-school accommodation (halls, RCs, houses etc.)",3,30,10/18/2024,No,UHC / Opp UHC,LT27 / S17,A2,12:30:00 pm,Sunny,5,3,7,5,7,7,9,8,LT27 / S17,IT / CLB,A1,2:15:00 pm,Sunny,15,3,8,7,4,4,8,7,nil
10/20/2024 17:28:28,Year 3,material science & engineering,No,To go to class,3,30,10/14/2024,No,UTown,LT13 / Ventus,D1,12:35:00 pm,Sunny,30,4,4,8,5,4,4,6,LT27 / S17,Kent Ridge MRT / Opp Kent Ridge MRT,A2,4:30:00 pm,Rainy,20,5,3,8,4,5,6,6,nil
10/20/2024 17:31:02,Year 2,statistics,Yes,To go to class,2,20,10/16/2024,No,UHC / Opp UHC,IT / CLB,A1,1:00:00 pm,Rainy,5,3,7,7,4,5,6,6,COM3,LT27 / S17,D2,3:30:00 pm,Sunny,20,4,4,7,6,5,7,6,nil
10/20/2024 17:33:56,Year 4,life sciences,No,To go to MRT,2,15,10/18/2024,No,Kent Ridge MRT / Opp Kent Ridge MRT,IT / CLB,A1,10:20:00 am,Sunny,30,3,6,8,5,6,6,5,IT / CLB,Kent Ridge MRT / Opp Kent Ridge MRT,A2,5:30:00 pm,Sunny,30,7,2,9,2,3,3,2,nil
10/20/2024 23:29:41,Year 3,architecture,No,To go to class,2,15,10/14/2024,No,Kent Ridge MRT / Opp Kent Ridge MRT,IT / CLB,A1,2:30:00 pm,Sunny,10,5,4,4,6,6,4,6,IT / CLB,Kent Ridge MRT / Opp Kent Ridge MRT,A2,4:00:00 pm,Sunny,20,15,2,8,2,3,4,4,nil
10/20/2024 23:35:39,Year 3,Architecture ,No,To go to class,2,40,10/15/2024,No,Kent Ridge MRT / Opp Kent Ridge MRT,IT / CLB,A1,3:30:00 pm,Sunny,10,10,7,4,7,6,7,7,LT13 / Ventus,UHC / Opp UHC,A2,6:30:00 pm,Sunny,30,20,1,9,2,4,6,3,nil
10/20/2024 23:39:46,Year 3,architecture,No,To go to class,45,50,10/17/2024,No,Kent Ridge MRT / Opp Kent Ridge MRT,IT / CLB,A1,7:30:00 am,Sunny,5,10,4,2,8,8,7,7,LT13 / Ventus,Kent Ridge MRT / Opp Kent Ridge MRT,A2,9:30:00 am,Sunny,7,8,6,3,8,7,6,7,nil
10/20/2024 23:43:46,Year 3,architecture ,No,To go to class,3,40,10/17/2024,No,Kent Ridge MRT / Opp Kent Ridge MRT,IT / CLB,A1,6:30:00 pm,Sunny,10,10,6,6,7,7,7,6,LT13 / Ventus,Kent Ridge MRT / Opp Kent Ridge MRT,A2,9:30:00 pm,Sunny,20,20,4,9,3,3,4,4,nil
10/21/2024 1:23:39,Year 3,architecture ,No,To go to class,2,40,8/10/2024,No,Kent Ridge MRT / Opp Kent Ridge MRT,LT13 / Ventus,A1,1:30:00 am,Sunny,20,10,6,7,4,6,6,6,LT13 / Ventus,UHC / Opp UHC,A2,6:30:00 pm,Sunny,30,25,1,10,1,1,3,1,nil
10/21/2024 1:31:08,Year 3,architecture ,No,To go to class,2,50,10/10/2024,No,Kent Ridge MRT / Opp Kent Ridge MRT,LT13 / Ventus,A1,7:30:00 am,Sunny,20,16,4,6,4,4,6,5,LT13 / Ventus,Kent Ridge MRT / Opp Kent Ridge MRT,A2,9:30:00 pm,Sunny,20,15,3,9,1,4,6,3,nil
10/21/2024 9:49:20,Year 1,biomedical engineering ,No,To go to class,2,35,10/21/2024,No,Kent Ridge MRT / Opp Kent Ridge MRT,IT / CLB,A1,7:30:00 am,Sunny,10,8,5,3,3,7,7,7,IT / CLB,UTown,D1,9:40:00 am,Sunny,10,5,7,4,7,7,7,7,nil
10/21/2024 9:51:40,Year 4,biomedical engineering,No,To go to class,2,35,10/15/2024,No,Kent Ridge MRT / Opp Kent Ridge MRT,UTown,D2,3:30:00 pm,Sunny,15,12,7,6,4,6,7,7,UTown,Kent Ridge MRT / Opp Kent Ridge MRT,D2,5:45:00 pm,Sunny,25,16,4,7,3,4,5,4,nil
10/21/2024 9:54:16,Year 4,biomedical engineering ,No,To go to class,2,35,10/16/2024,No,Kent Ridge MRT / Opp Kent Ridge MRT,UTown,D2,11:30:00 am,Sunny,30,15,3,8,3,5,4,4,UTown,Kent Ridge MRT / Opp Kent Ridge MRT,D2,1:30:00 pm,Sunny,25,18,4,8,2,3,4,3,nil
10/21/2024 9:57:25,Year 4,biomedical engineering,No,To go to class,2,35,10/21/2024,No,Kent Ridge MRT / Opp Kent Ridge MRT,LT13 / Ventus,A1,9:30:00 am,Sunny,35,18,2,10,1,3,3,3,LT13 / Ventus,Kent Ridge MRT / Opp Kent Ridge MRT,A2,11:40:00 am,Sunny,10,10,7,6,6,7,6,6,nil
10/21/2024 10:15:04,Year 1,biomedical engineering ,No,To go to class,4,45,10/18/2024,No,Kent Ridge MRT / Opp Kent Ridge MRT,LT13 / Ventus,A1,1:30:00 pm,Sunny,15,10,6,4,4,4,4,4,LT13 / Ventus,Kent Ridge MRT / Opp Kent Ridge MRT,A2,4:40:00 pm,Sunny,25,18,2,9,2,2,4,3,nil
10/21/2024 10:16:59,Year 1,biomedical engineering,No,To go to class,3,45,10/21/2024,No,Kent Ridge MRT / Opp Kent Ridge MRT,IT / CLB,A1,11:30:00 am,Sunny,30,20,2,9,2,3,4,3,LT13 / Ventus,Kent Ridge MRT / Opp Kent Ridge MRT,A2,1:30:00 pm,Sunny,35,20,3,9,2,3,3,3,nil
10/21/2024 10:19:33,Year 2,biomedical engineering,No,To go to class,3,40,10/21/2004,No,Kent Ridge MRT / Opp Kent Ridge MRT,LT13 / Ventus,A1,8:30:00 am,Sunny,25,15,3,7,3,3,4,4,LT13 / Ventus,UTown,D1,10:30:00 am,Sunny,20,15,3,8,3,3,3,4,nil
10/21/2024 10:21:28,Year 2,biomedical engineering,No,To go to class,3,40,10/16/2024,No,Kent Ridge MRT / Opp Kent Ridge MRT,UTown,D2,8:30:00 am,Sunny,30,18,3,8,2,3,4,3,UTown,Kent Ridge MRT / Opp Kent Ridge MRT,D2,12:00:00 pm,Sunny,25,20,2,8,2,2,2,2,nil
10/21/2024 11:49:28,Year 2,bza,No,To go to class,3,30,10/14/2024,No,Kent Ridge MRT / Opp Kent Ridge MRT,COM3,D2,9:30:00 am,Rainy,15,5,4,7,4,5,6,6,COM3,IT / CLB,D1,1:40:00 pm,Rainy,15,4,5,6,5,5,6,5,nil
10/21/2024 11:52:39,Year 4,bza,Yes,"To go to in-school accommodation (halls, RCs, houses etc.)",2,15,10/15/2024,No,UTown,BIZ2 / Opp HSSML,D1,10:30:00 am,Rainy,20,5,4,7,4,5,7,6,COM3,UTown,D1,5:10:00 pm,Sunny,15,3,6,7,5,6,7,6,nil
10/21/2024 11:55:08,Year 1,bza,No,To go to MRT,3,20,10/16/2024,No,Kent Ridge MRT / Opp Kent Ridge MRT,IT / CLB,A1,11:45:00 am,Rainy,20,4,5,8,3,4,5,4,COM3,LT27 / S17,D2,3:30:00 pm,Sunny,10,3,5,7,5,6,8,6,nil
10/21/2024 12:05:50,Year 4,bza,No,To go for meals,2,15,10/17/2024,No,Kent Ridge MRT / Opp Kent Ridge MRT,IT / CLB,A1,11:00:00 am,Sunny,20,4,5,8,3,5,6,5,IT / CLB,UTown,D1,2:15:00 pm,Sunny,20,2,8,5,5,7,7,6,nil
10/21/2024 12:10:14,Year 2,bza,Yes,To go to class,2,20,10/18/2024,No,UHC / Opp UHC,IT / CLB,A1,9:15:00 am,Sunny,5,2,8,7,4,6,6,5,COM3,Kent Ridge MRT / Opp Kent Ridge MRT,D2,5:00:00 pm,Sunny,15,5,4,7,6,5,7,6,nil
10/21/2024 12:12:49,Year 3,bza,No,To go to class,3,20,10/16/2024,No,Kent Ridge MRT / Opp Kent Ridge MRT,IT / CLB,A1,11:15:00 am,Rainy,20,6,3,8,2,4,5,3,IT / CLB,LT27 / S17,A2,1:15:00 pm,Rainy,15,4,5,7,5,6,7,6,nil
10/21/2024 12:28:57,Year 1,"politics, philoshopy, economics",No,To go to class,3,40,10/17/2024,No,Kent Ridge MRT / Opp Kent Ridge MRT,LT13 / Ventus,A2,1:30:00 pm,Sunny,15,10,4,6,4,4,4,5,IT / CLB,UHC / Opp UHC,A2,5:00:00 pm,Sunny,15,10,6,7,3,4,4,4,nil
10/21/2024 12:31:37,Year 1,"politics, philoshopy, economics",No,To go to class,3,40,10/7/2024,No,Kent Ridge MRT / Opp Kent Ridge MRT,IT / CLB,A1,3:30:00 pm,Sunny,12,8,6,5,7,7,6,7,IT / CLB,Kent Ridge MRT / Opp Kent Ridge MRT,A2,5:40:00 pm,Sunny,25,18,3,8,3,3,3,4,nil
10/21/2024 12:34:17,Year 3,"politics, philoshopy, economics",No,To go to class,3,45,10/17/2024,No,Kent Ridge MRT / Opp Kent Ridge MRT,IT / CLB,A1,1:30:00 pm,Sunny,15,10,6,6,4,4,5,4,IT / CLB,UHC / Opp UHC,A2,6:30:00 pm,Sunny,35,20,2,9,2,2,2,1,nil
10/21/2024 12:36:42,Year 4,"politics, philoshopy, economics",No,To go to class,3,45,10/17/2024,No,Kent Ridge MRT / Opp Kent Ridge MRT,IT / CLB,A1,3:40:00 pm,Sunny,15,8,8,3,7,7,6,7,IT / CLB,Kent Ridge MRT / Opp Kent Ridge MRT,A1,6:30:00 pm,Sunny,30,18,4,8,3,4,3,4,nil
10/21/2024 12:40:13,Year 4,"politics, philoshopy, economics",No,To go to class,3,30,10/10/2024,No,Kent Ridge MRT / Opp Kent Ridge MRT,IT / CLB,A1,8:35:00 am,Sunny,20,15,4,7,4,5,4,4,IT / CLB,Kent Ridge MRT / Opp Kent Ridge MRT,A2,3:47:00 pm,Sunny,15,10,6,6,5,6,4,6,nil
10/21/2024 12:44:30,Year 1,"politics, philoshopy, economics",No,To go to class,3,30,10/7/2024,No,Kent Ridge MRT / Opp Kent Ridge MRT,IT / CLB,A1,3:30:00 pm,Sunny,15,10,6,6,5,6,6,6,IT / CLB,Kent Ridge MRT / Opp Kent Ridge MRT,A2,5:47:00 pm,Sunny,30,20,3,8,3,3,4,4,nil
10/21/2024 13:04:03,Year 2,Mechanical engineering,No,To go to class,2,12,10/2/2024,No,Kent Ridge MRT / Opp Kent Ridge MRT,IT / CLB,A1,9:50:00 am,Sunny,30,10,5,9,5,5,7,5,IT / CLB,Kent Ridge MRT / Opp Kent Ridge MRT,A2,2:45:00 am,Sunny,30,10,5,9,5,5,5,5,NIL
10/21/2024 13:06:41,Year 2,Mechanical engineering,No,To go to class,2,12,10/4/2024,Yes,Kent Ridge MRT / Opp Kent Ridge MRT,UHC / Opp UHC,A1,11:30:00 am,Sunny,30,10,6,10,3,4,7,4,UHC / Opp UHC,LT27 / S17,D2,1:15:00 pm,Sunny,30,15,5,10,3,5,7,4,NIL
10/21/2024 16:15:13,Year 2,Mechanical engineering,No,To go to class,4,15,10/7/2024,No,Kent Ridge MRT / Opp Kent Ridge MRT,IT / CLB,A1,11:40:00 am,Sunny,20,5,7,8,5,6,7,6,IT / CLB,UTown,D1,2:30:00 pm,Sunny,15,5,8,7,7,7,7,7,NIL
10/21/2024 16:20:52,Year 3,Mechanical Engineering,No,To go to class,4,20,10/8/2024,Yes,Kent Ridge MRT / Opp Kent Ridge MRT,UHC / Opp UHC,D2,10:40:00 am,Sunny,25,10,5,9,4,5,7,5,UHC / Opp UHC,IT / CLB,A1,1:45:00 pm,Sunny,20,10,6,10,3,5,6,5,NIL
10/21/2024 16:23:18,Year 3,Mechanical Engineering,No,To go to class,4,20,10/9/2024,No,Kent Ridge MRT / Opp Kent Ridge MRT,IT / CLB,A1,11:40:00 am,Rainy,25,10,3,10,3,5,7,5,IT / CLB,Kent Ridge MRT / Opp Kent Ridge MRT,A2,3:40:00 pm,Sunny,20,5,7,8,6,7,8,6,NIL
10/21/2024 16:27:17,Year 1,Mechanical Engineering,Yes,To go to class,2,10,10/10/2024,No,UTown,IT / CLB,D1,10:40:00 am,Sunny,30,15,3,9,3,6,8,5,IT / CLB,UTown,D1,2:40:00 pm,Sunny,20,5,7,7,6,7,7,7,NIL
10/21/2024 16:30:56,Year 1,Geography,Yes,To go to class,2,10,10/11/2024,No,UHC / Opp UHC,IT / CLB,A1,9:40:00 am,Sunny,10,5,8,8,5,7,8,6,IT / CLB,UHC / Opp UHC,A2,4:45:00 pm,Rainy,25,10,4,9,3,4,6,4,NIL
10/21/2024 16:35:05,Year 1,Geography,Yes,To go to class,2,10,9/30/2024,No,UHC / Opp UHC,IT / CLB,A1,3:40:00 pm,Sunny,10,5,9,5,8,7,8,7,IT / CLB,UTown,D1,5:50:00 pm,Sunny,25,10,6,8,5,6,8,6,NIL
10/21/2024 16:45:34,Year 2,Geography,No,To go to class,2,15,10/1/2024,Yes,Kent Ridge MRT / Opp Kent Ridge MRT,UHC / Opp UHC,D2,1:30:00 pm,Sunny,15,8,6,8,6,7,7,6,UHC / Opp UHC,IT / CLB,A1,3:30:00 pm,Sunny,30,15,3,8,5,5,7,5,NIL
10/21/2024 16:50:46,Year 2,Geography,No,To go to class,2,10,10/2/2024,No,Kent Ridge MRT / Opp Kent Ridge MRT,IT / CLB,A1,10:40:00 am,Rainy,20,10,6,8,5,6,7,5,IT / CLB,Kent Ridge MRT / Opp Kent Ridge MRT,A2,2:30:00 pm,Sunny,20,10,6,7,6,7,8,7,NIL
10/21/2024 16:58:03,Year 2,Geography,No,To go to class,2,10,10/3/2024,No,Kent Ridge MRT / Opp Kent Ridge MRT,IT / CLB,A1,11:40:00 am,Sunny,20,10,6,9,5,6,7,5,IT / CLB,Kent Ridge MRT / Opp Kent Ridge MRT,A2,2:30:00 pm,Sunny,15,5,8,6,7,7,7,7,NIL
10/21/2024 18:09:35,Year 3,Quantitative finance,Yes,To go to class,3,20,10/4/2024,No,BIZ2 / Opp HSSML,LT27 / S17,A1,10:40:00 am,Sunny,15,8,6,7,6,7,8,7,LT27 / S17,BIZ2 / Opp HSSML,A2,3:45:00 pm,Sunny,15,5,8,6,8,7,8,7,NIL
10/21/2024 18:12:06,Year 3,Quantitative Finance,Yes,To go to class,3,20,10/7/2024,No,BIZ2 / Opp HSSML,LT27 / S17,A1,10:30:00 am,Rainy,15,8,7,7,6,7,7,7,LT27 / S17,UTown,D2,1:45:00 pm,Sunny,10,5,8,7,6,7,7,7,NIL
10/21/2024 18:14:52,Year 3,Quantitative Finance,No,To go to class,4,20,10/8/2024,Yes,Kent Ridge MRT / Opp Kent Ridge MRT,UHC / Opp UHC,D2,12:30:00 pm,Sunny,20,10,6,8,5,8,8,6,UHC / Opp UHC,LT27 / S17,A2,2:10:00 pm,Sunny,30,15,3,9,3,6,8,4,NIL
10/21/2024 18:23:54,Year 3,Quantitative Finance,No,To go to class,4,20,10/9/2024,No,Kent Ridge MRT / Opp Kent Ridge MRT,COM3,D2,10:35:00 am,Rainy,15,5,7,7,6,7,8,6,COM3,LT27 / S17,D2,12:00:00 pm,Rainy,10,5,8,5,8,7,8,7,NIL
10/21/2024 18:30:16,Year 4,Quantitative Finance,No,To go to MRT,2,10,10/10/2024,No,Kent Ridge MRT / Opp Kent Ridge MRT,LT27 / S17,D2,7:45:00 am,Sunny,10,5,8,4,8,8,8,8,LT27 / S17,Kent Ridge MRT / Opp Kent Ridge MRT,A2,12:45:00 pm,Sunny,15,5,8,7,6,7,8,6,NIL
10/21/2024 18:32:38,Year 4,Quantitative Finance,No,To go to MRT,2,8,10/11/2024,No,Kent Ridge MRT / Opp Kent Ridge MRT,COM3,D2,11:35:00 am,Sunny,15,10,6,8,5,7,8,5,COM3,LT27 / S17,D2,1:50:00 pm,Rainy,15,7,7,7,6,7,7,6,NIL
